mrun,RBD,CODIGO_REGION_EGRESO,NOMBRE_REGION_EGRESO,PTJE_NEM,PTJE_RANKING,PROM_CM_ACTUAL,rango_edad,anio_ing_carr_ori,anio_ing_carr_act,tipo_inst_1,tipo_inst_2,tipo_inst_3,cod_inst,nomb_inst,nomb_carrera,region_sede,provincia_sede,comuna_sede,nivel_global,nivel_carrera_1,forma_ingreso,NOMBRE_REGION_INGRESO
13776824,9046.0,13,Metropolitana,775,780,"791,5",15 a 19 años,2021,2021,Universidades,Universidades CRUCH,Universidades Privadas CRUCH,86,PONTIFICIA UNIVERSIDAD CATOLICA DE CHILE,INGENIERIA COMERCIAL,Metropolitana,SANTIAGO,MACUL,Pregrado,Profesional Con Licenciatura,1- Ingreso Directo (regular),Metropolitana
18327063,8503.0,13,Metropolitana,647,693,522,15 a 19 años,2021,2021,Universidades,Universidades CRUCH,Universidades Estatales CRUCH,85,UNIVERSIDAD TECNOLOGICA METROPOLITANA,INGENIERIA EN BIOTECNOLOGIA,Metropolitana,SANTIAGO,ÑUÑOA,Pregrado,Profesional Con Licenciatura,1- Ingreso Directo (regular),Metropolitana
23768815,12655.0,1,Tarapacá,775,850,597,15 a 19 años,2021,2021,Universidades,Universidades CRUCH,Universidades Estatales CRUCH,72,UNIVERSIDAD DE VALPARAISO,NUTRICION Y DIETETICA,Valparaíso,VALPARAISO,VALPARAISO,Pregrado,Profesional Con Licenciatura,1- Ingreso Directo (regular),Valparaíso
14851720,12830.0,2,Antofagasta,631,645,384,15 a 19 años,2021,2021,Universidades,Universidades Privadas,Universidades Privadas,13,UNIVERSIDAD SANTO TOMAS,INGENIERIA COMERCIAL,Antofagasta,ANTOFAGASTA,ANTOFAGASTA,Pregrado,Profesional Con Licenciatura,1- Ingreso Directo (regular),Antofagasta
4421540,13352.0,4,Coquimbo,807,850,672,15 a 19 años,2021,2021,Universidades,Universidades CRUCH,Universidades Estatales CRUCH,72,UNIVERSIDAD DE VALPARAISO,INGENIERIA EN NEGOCIOS INTERNACIONALES,Valparaíso,VALPARAISO,VALPARAISO,Pregrado,Profesional Con Licenciatura,1- Ingreso Directo (regular),Valparaíso
2376849,26399.0,13,Metropolitana,517,517,"563,5",15 a 19 años,2021,2021,Universidades,Universidades Privadas,Universidades Privadas,45,UNIVERSIDAD DEL DESARROLLO,ARQUITECTURA,Metropolitana,SANTIAGO,LAS CONDES,Pregrado,Profesional Con Licenciatura,1- Ingreso Directo (regular),Metropolitana
15547601,2973.0,7,Maule,656,662,"535,5",15 a 19 años,2021,2021,Universidades,Universidades CRUCH,Universidades Privadas CRUCH,92,UNIVERSIDAD CATOLICA DEL MAULE,TRABAJO SOCIAL,Maule,TALCA,TALCA,Pregrado,Profesional Con Licenciatura,1- Ingreso Directo (regular),Maule
21870090,3885.0,16,Ñuble,679,781,508,15 a 19 años,2021,2021,Universidades,Universidades CRUCH,Universidades Privadas CRUCH,93,UNIVERSIDAD CATOLICA DE LA SANTISIMA CONCEPCION,TECNICO UNIVERSITARIO EN ENFERMERIA,Ñuble,DIGUILLIN,CHILLAN,Pregrado,Técnico de Nivel Superior,1- Ingreso Directo (regular),Ñuble
21472275,17829.0,16,Ñuble,499,499,"522,5",15 a 19 años,2021,2021,Universidades,Universidades Privadas,Universidades Privadas,38,UNIVERSIDAD ADVENTISTA DE CHILE,PSICOLOGIA,Ñuble,DIGUILLIN,CHILLAN,Pregrado,Profesional Con Licenciatura,1- Ingreso Directo (regular),Ñuble
10413408,17843.0,8,Biobío,449,451,456,15 a 19 años,2021,2021,Universidades,Universidades Privadas,Universidades Privadas,39,UNIVERSIDAD SAN SEBASTIAN,FONOAUDIOLOGIA,Biobío,CONCEPCION,CONCEPCION,Pregrado,Profesional Con Licenciatura,1- Ingreso Directo (regular),Biobío
17990392,20478.0,2,Antofagasta,571,577,502,15 a 19 años,2021,2021,Universidades,Universidades Privadas,Universidades Privadas,13,UNIVERSIDAD SANTO TOMAS,NUTRICION Y DIETETICA,Coquimbo,ELQUI,LA SERENA,Pregrado,Profesional Con Licenciatura,1- Ingreso Directo (regular),Coquimbo
1455793,7773.0,10,Los Lagos,631,664,617,15 a 19 años,2021,2021,Universidades,Universidades Privadas,Universidades Privadas,39,UNIVERSIDAD SAN SEBASTIAN,KINESIOLOGIA,Los Lagos,LLANQUIHUE,PUERTO MONTT,Pregrado,Profesional Con Licenciatura,1- Ingreso Directo (regular),Los Lagos
16285881,2863.0,7,Maule,577,576,492,15 a 19 años,2021,2021,Universidades,Universidades Privadas,Universidades Privadas,31,UNIVERSIDAD AUTONOMA DE CHILE,FONOAUDIOLOGIA,Maule,TALCA,TALCA,Pregrado,Profesional Con Licenciatura,1- Ingreso Directo (regular),Maule
12215856,16582.0,7,Maule,707,749,475,15 a 19 años,2021,2021,Universidades,Universidades CRUCH,Universidades Estatales CRUCH,78,UNIVERSIDAD DE TALCA,INGENIERIA COMERCIAL,Maule,TALCA,TALCA,Pregrado,Profesional Con Licenciatura,1- Ingreso Directo (regular),Maule
22695527,2782.0,7,Maule,549,548,337,15 a 19 años,2021,2021,Universidades,Universidades CRUCH,Universidades Privadas CRUCH,92,UNIVERSIDAD CATOLICA DEL MAULE,ADMINISTRACION PUBLICA,Maule,CURICO,CURICO,Pregrado,Profesional Con Licenciatura,1- Ingreso Directo (regular),Maule
7207433,2782.0,7,Maule,426,429,548,15 a 19 años,2021,2021,Universidades,Universidades Privadas,Universidades Privadas,31,UNIVERSIDAD AUTONOMA DE CHILE,PEDAGOGIA EN EDUCACION FISICA,Maule,TALCA,TALCA,Pregrado,Profesional Con Licenciatura,1- Ingreso Directo (regular),Maule
4537253,2787.0,7,Maule,624,642,589,15 a 19 años,2021,2021,Universidades,Universidades CRUCH,Universidades Estatales CRUCH,71,UNIVERSIDAD DE SANTIAGO DE CHILE,ADMINISTRACION PUBLICA,Metropolitana,SANTIAGO,ESTACION CENTRAL,Pregrado,Profesional Con Licenciatura,1- Ingreso Directo (regular),Metropolitana
19056723,16424.0,7,Maule,555,571,624,15 a 19 años,2021,2021,Universidades,Universidades Privadas,Universidades Privadas,31,UNIVERSIDAD AUTONOMA DE CHILE,PSICOLOGIA,Maule,TALCA,TALCA,Pregrado,Profesional Con Licenciatura,1- Ingreso Directo (regular),Maule
5605741,16417.0,7,Maule,657,692,"544,5",15 a 19 años,2021,2021,Universidades,Universidades CRUCH,Universidades Privadas CRUCH,92,UNIVERSIDAD CATOLICA DEL MAULE,ENFERMERIA,Maule,CURICO,CURICO,Pregrado,Profesional Con Licenciatura,1- Ingreso Directo (regular),Maule
14890827,10724.0,13,Metropolitana,631,631,"515,5",15 a 19 años,2021,2021,Universidades,Universidades Privadas,Universidades Privadas,20,UNIVERSIDAD ANDRES BELLO,MEDICINA VETERINARIA,Metropolitana,SANTIAGO,SANTIAGO,Pregrado,Profesional Con Licenciatura,1- Ingreso Directo (regular),Metropolitana
2710784,22306.0,10,Los Lagos,624,644,"562,5",15 a 19 años,2021,2021,Universidades,Universidades CRUCH,Universidades Privadas CRUCH,90,UNIVERSIDAD AUSTRAL DE CHILE,ENFERMERIA,Los Lagos,LLANQUIHUE,PUERTO MONTT,Pregrado,Profesional Con Licenciatura,1- Ingreso Directo (regular),Los Lagos
2643766,704.0,4,Coquimbo,555,555,"547,5",15 a 19 años,2021,2021,Universidades,Universidades CRUCH,Universidades Estatales CRUCH,72,UNIVERSIDAD DE VALPARAISO,BIOLOGIA MARINA,Valparaíso,VALPARAISO,VALPARAISO,Pregrado,Profesional Con Licenciatura,1- Ingreso Directo (regular),Valparaíso
15859819,22114.0,10,Los Lagos,566,595,"413,5",15 a 19 años,2021,2021,Universidades,Universidades CRUCH,Universidades Estatales CRUCH,84,UNIVERSIDAD DE LOS LAGOS,DERECHO,Los Lagos,OSORNO,OSORNO,Pregrado,Profesional Con Licenciatura,1- Ingreso Directo (regular),Los Lagos
2408903,9656.0,13,Metropolitana,695,772,600,15 a 19 años,2021,2021,Universidades,Universidades CRUCH,Universidades Estatales CRUCH,70,UNIVERSIDAD DE CHILE,INGENIERIA EN RECURSOS NATURALES RENOVABLES,Metropolitana,SANTIAGO,SANTIAGO,Pregrado,Profesional Con Licenciatura,1- Ingreso Directo (regular),Metropolitana
7853737,9519.0,13,Metropolitana,624,663,525,15 a 19 años,2021,2021,Universidades,Universidades CRUCH,Universidades Privadas CRUCH,69,UNIVERSIDAD ALBERTO HURTADO,BACHILLERATO EN HUMANIDADES,Metropolitana,SANTIAGO,SANTIAGO,Pregrado,"Bachillerato, Ciclo Inicial o Plan Común",1- Ingreso Directo (regular),Metropolitana
15863634,25434.0,13,Metropolitana,444,444,"482,5",15 a 19 años,2021,2021,Universidades,Universidades Privadas,Universidades Privadas,13,UNIVERSIDAD SANTO TOMAS,PSICOLOGIA,Metropolitana,SANTIAGO,SANTIAGO,Pregrado,Profesional Con Licenciatura,1- Ingreso Directo (regular),Metropolitana
7093160,8877.0,13,Metropolitana,635,635,"601,5",15 a 19 años,2021,2021,Universidades,Universidades CRUCH,Universidades Privadas CRUCH,34,UNIVERSIDAD DE LOS ANDES,NUTRICION Y DIETETICA,Metropolitana,SANTIAGO,LAS CONDES,Pregrado,Profesional Con Licenciatura,1- Ingreso Directo (regular),Metropolitana
21208644,8871.0,13,Metropolitana,549,549,"635,5",15 a 19 años,2021,2021,Universidades,Universidades Privadas,Universidades Privadas,45,UNIVERSIDAD DEL DESARROLLO,ARQUITECTURA,Metropolitana,SANTIAGO,LAS CONDES,Pregrado,Profesional Con Licenciatura,1- Ingreso Directo (regular),Metropolitana
2702297,2110.0,6,Lib. Gral B. O'Higgins,717,727,0,15 a 19 años,2021,2021,Universidades,Universidades CRUCH,Universidades Estatales CRUCH,895,UNIVERSIDAD DE O'HIGGINS,PEDAGOGIA EN MATEMATICA,Lib. Gral B. O'Higgins,CACHAPOAL,RANCAGUA,Pregrado,Profesional Con Licenciatura,1- Ingreso Directo (regular),Lib. Gral B. O'Higgins
12741793,25550.0,13,Metropolitana,570,586,"542,5",15 a 19 años,2021,2021,Universidades,Universidades Privadas,Universidades Privadas,10,UNIVERSIDAD MAYOR,INGENIERIA CIVIL INDUSTRIAL,Metropolitana,SANTIAGO,PROVIDENCIA,Pregrado,Profesional Con Licenciatura,1- Ingreso Directo (regular),Metropolitana
14142305,8950.0,13,Metropolitana,689,703,599,15 a 19 años,2021,2021,Universidades,Universidades CRUCH,Universidades Estatales CRUCH,71,UNIVERSIDAD DE SANTIAGO DE CHILE,ARQUITECTURA,Metropolitana,SANTIAGO,ESTACION CENTRAL,Pregrado,Profesional Con Licenciatura,1- Ingreso Directo (regular),Metropolitana
13261378,17662.0,16,Ñuble,620,643,501,15 a 19 años,2021,2021,Universidades,Universidades CRUCH,Universidades Estatales CRUCH,75,UNIVERSIDAD DEL BIO-BIO,DISEÑO GRAFICO,Ñuble,DIGUILLIN,CHILLAN,Pregrado,Profesional Con Licenciatura,1- Ingreso Directo (regular),Ñuble
20783904,10433.0,13,Metropolitana,771,845,"511,5",15 a 19 años,2021,2021,Universidades,Universidades CRUCH,Universidades Privadas CRUCH,88,UNIVERSIDAD TECNICA FEDERICO SANTA MARIA,INGENIERIA EN AVIACION COMERCIAL,Metropolitana,SANTIAGO,VITACURA,Pregrado,Profesional Con Licenciatura,1- Ingreso Directo (regular),Metropolitana
9900685,1214.0,5,Valparaíso,710,728,"646,5",15 a 19 años,2021,2021,Universidades,Universidades CRUCH,Universidades Privadas CRUCH,87,UNIVERSIDAD DE CONCEPCION,MEDICINA VETERINARIA,Biobío,CONCEPCION,CONCEPCION,Pregrado,Profesional Con Licenciatura,1- Ingreso Directo (regular),Biobío
3535594,15624.0,6,Lib. Gral B. O'Higgins,689,710,532,15 a 19 años,2021,2021,Universidades,Universidades CRUCH,Universidades Estatales CRUCH,895,UNIVERSIDAD DE O'HIGGINS,TERAPIA OCUPACIONAL,Lib. Gral B. O'Higgins,CACHAPOAL,RANCAGUA,Pregrado,Profesional Con Licenciatura,1- Ingreso Directo (regular),Lib. Gral B. O'Higgins
229196,14594.0,5,Valparaíso,710,752,"664,5",15 a 19 años,2021,2021,Universidades,Universidades CRUCH,Universidades Estatales CRUCH,72,UNIVERSIDAD DE VALPARAISO,ENFERMERIA,Valparaíso,VALPARAISO,VALPARAISO,Pregrado,Profesional Con Licenciatura,1- Ingreso Directo (regular),Valparaíso
14665276,9757.0,13,Metropolitana,786,850,"709,5",15 a 19 años,2021,2021,Universidades,Universidades CRUCH,Universidades Estatales CRUCH,70,UNIVERSIDAD DE CHILE,TECNOLOGIA MEDICA,Metropolitana,SANTIAGO,SANTIAGO,Pregrado,Profesional Con Licenciatura,1- Ingreso Directo (regular),Metropolitana
22126782,9564.0,13,Metropolitana,786,847,"696,5",15 a 19 años,2021,2021,Universidades,Universidades Privadas,Universidades Privadas,31,UNIVERSIDAD AUTONOMA DE CHILE,MEDICINA,Metropolitana,SANTIAGO,PROVIDENCIA,Pregrado,Profesional Con Licenciatura,1- Ingreso Directo (regular),Metropolitana
14750102,11776.0,13,Metropolitana,717,735,706,15 a 19 años,2021,2021,Universidades,Universidades Privadas,Universidades Privadas,9,UNIVERSIDAD DEL ALBA,MEDICINA,Metropolitana,SANTIAGO,PROVIDENCIA,Pregrado,Profesional Con Licenciatura,1- Ingreso Directo (regular),Metropolitana
965440,8904.0,13,Metropolitana,667,667,684,15 a 19 años,2021,2021,Universidades,Universidades CRUCH,Universidades Privadas CRUCH,34,UNIVERSIDAD DE LOS ANDES,NUTRICION Y DIETETICA,Metropolitana,SANTIAGO,LAS CONDES,Pregrado,Profesional Con Licenciatura,1- Ingreso Directo (regular),Metropolitana
22559794,8877.0,13,Metropolitana,635,635,"665,5",15 a 19 años,2021,2021,Universidades,Universidades CRUCH,Universidades Privadas CRUCH,86,PONTIFICIA UNIVERSIDAD CATOLICA DE CHILE,COLLEGE ARTES Y HUMANIDADES (LICENCIATURA),Metropolitana,SANTIAGO,MACUL,Pregrado,"Bachillerato, Ciclo Inicial o Plan Común",1- Ingreso Directo (regular),Metropolitana
4667948,25369.0,13,Metropolitana,727,770,665,15 a 19 años,2021,2021,Universidades,Universidades CRUCH,Universidades Estatales CRUCH,70,UNIVERSIDAD DE CHILE,BIOQUIMICA,Metropolitana,SANTIAGO,SANTIAGO,Pregrado,Profesional Con Licenciatura,1- Ingreso Directo (regular),Metropolitana
6831504,1631.0,5,Valparaíso,667,681,635,15 a 19 años,2021,2021,Universidades,Universidades CRUCH,Universidades Estatales CRUCH,72,UNIVERSIDAD DE VALPARAISO,OBSTETRICIA Y PUERICULTURA,Valparaíso,SAN FELIPE DE ACONCAGUA,SAN FELIPE,Pregrado,Profesional Con Licenciatura,1- Ingreso Directo (regular),Valparaíso
5122323,40289.0,5,Valparaíso,598,598,"555,5",15 a 19 años,2021,2021,Universidades,Universidades CRUCH,Universidades Privadas CRUCH,89,PONTIFICIA UNIVERSIDAD CATOLICA DE VALPARAISO,GEOGRAFIA,Valparaíso,VALPARAISO,VALPARAISO,Pregrado,Profesional Con Licenciatura,1- Ingreso Directo (regular),Valparaíso
20400528,4805.0,8,Biobío,581,599,0,15 a 19 años,2021,2021,Universidades,Universidades Privadas,Universidades Privadas,13,UNIVERSIDAD SANTO TOMAS,KINESIOLOGIA,Biobío,CONCEPCION,CONCEPCION,Pregrado,Profesional Con Licenciatura,1- Ingreso Directo (regular),Biobío
2444539,4762.0,8,Biobío,433,435,"502,5",15 a 19 años,2021,2021,Universidades,Universidades Privadas,Universidades Privadas,39,UNIVERSIDAD SAN SEBASTIAN,KINESIOLOGIA,Biobío,CONCEPCION,CONCEPCION,Pregrado,Profesional Con Licenciatura,1- Ingreso Directo (regular),Biobío
9302109,4805.0,8,Biobío,577,590,458,15 a 19 años,2021,2021,Universidades,Universidades Privadas,Universidades Privadas,39,UNIVERSIDAD SAN SEBASTIAN,TERAPIA OCUPACIONAL,Biobío,CONCEPCION,CONCEPCION,Pregrado,Profesional Con Licenciatura,1- Ingreso Directo (regular),Biobío
16143135,25349.0,13,Metropolitana,538,538,460,15 a 19 años,2021,2021,Universidades,Universidades CRUCH,Universidades Estatales CRUCH,75,UNIVERSIDAD DEL BIO-BIO,INGENIERIA CIVIL MECANICA,Biobío,CONCEPCION,CONCEPCION,Pregrado,Profesional Con Licenciatura,1- Ingreso Directo (regular),Biobío
1290740,4553.0,8,Biobío,775,831,711,15 a 19 años,2021,2021,Universidades,Universidades CRUCH,Universidades Privadas CRUCH,90,UNIVERSIDAD AUSTRAL DE CHILE,MEDICINA,Los Ríos,VALDIVIA,VALDIVIA,Pregrado,Profesional Con Licenciatura,1- Ingreso Directo (regular),Los Ríos
24255262,4277.0,8,Biobío,711,821,"442,5",15 a 19 años,2021,2021,Universidades,Universidades CRUCH,Universidades Privadas CRUCH,93,UNIVERSIDAD CATOLICA DE LA SANTISIMA CONCEPCION,LICENCIATURA EN DERECHO,Biobío,CONCEPCION,CONCEPCION,Pregrado,Profesional Con Licenciatura,1- Ingreso Directo (regular),Biobío
15276661,4824.0,8,Biobío,610,652,"537,5",15 a 19 años,2021,2021,Universidades,Universidades Privadas,Universidades Privadas,39,UNIVERSIDAD SAN SEBASTIAN,PSICOLOGIA,Biobío,CONCEPCION,CONCEPCION,Pregrado,Profesional Con Licenciatura,1- Ingreso Directo (regular),Biobío
17745613,18114.0,8,Biobío,652,656,498,15 a 19 años,2021,2021,Universidades,Universidades Privadas,Universidades Privadas,39,UNIVERSIDAD SAN SEBASTIAN,KINESIOLOGIA,Biobío,CONCEPCION,CONCEPCION,Pregrado,Profesional Con Licenciatura,1- Ingreso Directo (regular),Biobío
2359172,17750.0,8,Biobío,538,538,"519,5",15 a 19 años,2021,2021,Universidades,Universidades Privadas,Universidades Privadas,13,UNIVERSIDAD SANTO TOMAS,PSICOLOGIA,Biobío,CONCEPCION,CONCEPCION,Pregrado,Profesional Con Licenciatura,1- Ingreso Directo (regular),Biobío
24154189,4630.0,8,Biobío,577,576,497,15 a 19 años,2021,2021,Universidades,Universidades CRUCH,Universidades Privadas CRUCH,93,UNIVERSIDAD CATOLICA DE LA SANTISIMA CONCEPCION,INGENIERIA COMERCIAL,Biobío,CONCEPCION,CONCEPCION,Pregrado,Profesional Con Licenciatura,1- Ingreso Directo (regular),Biobío
11438451,11415.0,8,Biobío,577,621,"582,5",15 a 19 años,2021,2021,Universidades,Universidades Privadas,Universidades Privadas,20,UNIVERSIDAD ANDRES BELLO,ODONTOLOGIA,Biobío,CONCEPCION,CONCEPCION,Pregrado,Profesional Con Licenciatura,1- Ingreso Directo (regular),Biobío
12939081,4630.0,8,Biobío,646,656,576,15 a 19 años,2021,2021,Universidades,Universidades CRUCH,Universidades Privadas CRUCH,93,UNIVERSIDAD CATOLICA DE LA SANTISIMA CONCEPCION,LICENCIATURA EN DERECHO,Biobío,CONCEPCION,CONCEPCION,Pregrado,Profesional Con Licenciatura,1- Ingreso Directo (regular),Biobío
10802964,4636.0,8,Biobío,555,555,518,15 a 19 años,2021,2021,Universidades,Universidades CRUCH,Universidades Privadas CRUCH,87,UNIVERSIDAD DE CONCEPCION,QUIMICO ANALISTA,Biobío,CONCEPCION,CONCEPCION,Pregrado,Profesional Con Licenciatura,1- Ingreso Directo (regular),Biobío
5664695,4555.0,8,Biobío,506,506,"527,5",15 a 19 años,2021,2021,Universidades,Universidades Privadas,Universidades Privadas,39,UNIVERSIDAD SAN SEBASTIAN,ARQUITECTURA,Biobío,CONCEPCION,CONCEPCION,Pregrado,Profesional Con Licenciatura,1- Ingreso Directo (regular),Biobío
20517487,4822.0,8,Biobío,517,517,"561,5",15 a 19 años,2021,2021,Universidades,Universidades Privadas,Universidades Privadas,20,UNIVERSIDAD ANDRES BELLO,MEDICINA VETERINARIA,Biobío,CONCEPCION,CONCEPCION,Pregrado,Profesional Con Licenciatura,1- Ingreso Directo (regular),Biobío
23086422,17782.0,8,Biobío,818,850,491,15 a 19 años,2021,2021,Universidades,Universidades CRUCH,Universidades Estatales CRUCH,75,UNIVERSIDAD DEL BIO-BIO,INGENIERIA COMERCIAL,Biobío,CONCEPCION,CONCEPCION,Pregrado,Profesional Con Licenciatura,1- Ingreso Directo (regular),Biobío
14743009,3638.0,16,Ñuble,814,850,728,15 a 19 años,2021,2021,Universidades,Universidades CRUCH,Universidades Estatales CRUCH,75,UNIVERSIDAD DEL BIO-BIO,INGENIERIA EN RECURSOS NATURALES,Ñuble,DIGUILLIN,CHILLAN,Pregrado,Profesional Con Licenciatura,1- Ingreso Directo (regular),Ñuble
323563,4574.0,8,Biobío,743,835,"568,5",15 a 19 años,2021,2021,Universidades,Universidades CRUCH,Universidades Privadas CRUCH,87,UNIVERSIDAD DE CONCEPCION,PEDAGOGIA EN MATEMATICAS,Biobío,CONCEPCION,CONCEPCION,Pregrado,Profesional Con Licenciatura,1- Ingreso Directo (regular),Biobío
11871298,17859.0,8,Biobío,814,847,736,15 a 19 años,2021,2021,Universidades,Universidades CRUCH,Universidades Privadas CRUCH,86,PONTIFICIA UNIVERSIDAD CATOLICA DE CHILE,INGENIERIA CIVIL,Metropolitana,SANTIAGO,MACUL,Pregrado,Profesional Con Licenciatura,1- Ingreso Directo (regular),Metropolitana
5996654,18114.0,8,Biobío,624,624,"464,5",15 a 19 años,2021,2021,Universidades,Universidades CRUCH,Universidades Privadas CRUCH,93,UNIVERSIDAD CATOLICA DE LA SANTISIMA CONCEPCION,PERIODISMO,Biobío,CONCEPCION,CONCEPCION,Pregrado,Profesional Con Licenciatura,1- Ingreso Directo (regular),Biobío
2460331,4630.0,8,Biobío,753,787,"629,5",15 a 19 años,2021,2021,Universidades,Universidades CRUCH,Universidades Privadas CRUCH,87,UNIVERSIDAD DE CONCEPCION,DERECHO,Biobío,CONCEPCION,CONCEPCION,Pregrado,Profesional Con Licenciatura,1- Ingreso Directo (regular),Biobío
1391867,4555.0,8,Biobío,460,460,"472,5",15 a 19 años,2021,2021,Universidades,Universidades Privadas,Universidades Privadas,20,UNIVERSIDAD ANDRES BELLO,MEDICINA VETERINARIA,Biobío,CONCEPCION,CONCEPCION,Pregrado,Profesional Con Licenciatura,1- Ingreso Directo (regular),Biobío
20083934,4805.0,8,Biobío,613,640,613,15 a 19 años,2021,2021,Universidades,Universidades CRUCH,Universidades Estatales CRUCH,75,UNIVERSIDAD DEL BIO-BIO,INGENIERIA CIVIL,Biobío,CONCEPCION,CONCEPCION,Pregrado,Profesional Con Licenciatura,1- Ingreso Directo (regular),Biobío
14007414,4630.0,8,Biobío,706,729,"534,5",15 a 19 años,2021,2021,Universidades,Universidades CRUCH,Universidades Privadas CRUCH,93,UNIVERSIDAD CATOLICA DE LA SANTISIMA CONCEPCION,LICENCIATURA EN DERECHO,Biobío,CONCEPCION,CONCEPCION,Pregrado,Profesional Con Licenciatura,1- Ingreso Directo (regular),Biobío
15810510,17885.0,8,Biobío,764,835,576,15 a 19 años,2021,2021,Universidades,Universidades CRUCH,Universidades Privadas CRUCH,87,UNIVERSIDAD DE CONCEPCION,TRADUCCION/INTERPRETACION EN IDIOMAS EXTRANJEROS,Biobío,CONCEPCION,CONCEPCION,Pregrado,Profesional Con Licenciatura,1- Ingreso Directo (regular),Biobío
13140713,4630.0,8,Biobío,684,702,613,15 a 19 años,2021,2021,Universidades,Universidades Privadas,Universidades Privadas,39,UNIVERSIDAD SAN SEBASTIAN,TECNOLOGIA MEDICA,Biobío,CONCEPCION,CONCEPCION,Pregrado,Profesional Con Licenciatura,1- Ingreso Directo (regular),Biobío
2893503,4686.0,8,Biobío,566,566,526,15 a 19 años,2021,2021,Universidades,Universidades CRUCH,Universidades Estatales CRUCH,75,UNIVERSIDAD DEL BIO-BIO,INGENIERIA COMERCIAL,Biobío,CONCEPCION,CONCEPCION,Pregrado,Profesional Con Licenciatura,1- Ingreso Directo (regular),Biobío
9402726,4536.0,8,Biobío,689,711,518,15 a 19 años,2021,2021,Universidades,Universidades CRUCH,Universidades Privadas CRUCH,93,UNIVERSIDAD CATOLICA DE LA SANTISIMA CONCEPCION,LICENCIATURA EN DERECHO,Biobío,CONCEPCION,CONCEPCION,Pregrado,Profesional Con Licenciatura,1- Ingreso Directo (regular),Biobío
5563822,17782.0,8,Biobío,786,850,626,15 a 19 años,2021,2021,Universidades,Universidades CRUCH,Universidades Privadas CRUCH,87,UNIVERSIDAD DE CONCEPCION,PEDAGOGIA EN MATEMATICAS,Biobío,CONCEPCION,CONCEPCION,Pregrado,Profesional Con Licenciatura,1- Ingreso Directo (regular),Biobío
5130476,4630.0,8,Biobío,663,676,588,15 a 19 años,2021,2021,Universidades,Universidades CRUCH,Universidades Privadas CRUCH,87,UNIVERSIDAD DE CONCEPCION,PEDAGOGIA EN INGLES,Biobío,CONCEPCION,CONCEPCION,Pregrado,Profesional Con Licenciatura,1- Ingreso Directo (regular),Biobío
18638423,4822.0,8,Biobío,641,663,623,15 a 19 años,2021,2021,Universidades,Universidades CRUCH,Universidades Privadas CRUCH,93,UNIVERSIDAD CATOLICA DE LA SANTISIMA CONCEPCION,LICENCIATURA EN DERECHO,Biobío,CONCEPCION,CONCEPCION,Pregrado,Profesional Con Licenciatura,1- Ingreso Directo (regular),Biobío
15968090,4805.0,8,Biobío,760,850,"457,5",15 a 19 años,2021,2021,Universidades,Universidades CRUCH,Universidades Privadas CRUCH,87,UNIVERSIDAD DE CONCEPCION,EDUCACION PARVULARIA,Biobío,CONCEPCION,CONCEPCION,Pregrado,Profesional Con Licenciatura,1- Ingreso Directo (regular),Biobío
16935391,4659.0,8,Biobío,495,495,458,15 a 19 años,2021,2021,Universidades,Universidades Privadas,Universidades Privadas,39,UNIVERSIDAD SAN SEBASTIAN,FONOAUDIOLOGIA,Biobío,CONCEPCION,CONCEPCION,Pregrado,Profesional Con Licenciatura,1- Ingreso Directo (regular),Biobío
23979410,4822.0,8,Biobío,684,736,"593,5",15 a 19 años,2021,2021,Universidades,Universidades CRUCH,Universidades Estatales CRUCH,75,UNIVERSIDAD DEL BIO-BIO,INGENIERIA CIVIL QUIMICA,Biobío,CONCEPCION,CONCEPCION,Pregrado,Profesional Con Licenciatura,1- Ingreso Directo (regular),Biobío
12230753,4574.0,8,Biobío,577,594,"570,5",15 a 19 años,2021,2021,Universidades,Universidades CRUCH,Universidades Privadas CRUCH,87,UNIVERSIDAD DE CONCEPCION,PEDAGOGIA EN ESPAÑOL,Biobío,CONCEPCION,CONCEPCION,Pregrado,Profesional Con Licenciatura,1- Ingreso Directo (regular),Biobío
10094068,17750.0,8,Biobío,663,671,"603,5",15 a 19 años,2021,2021,Universidades,Universidades CRUCH,Universidades Estatales CRUCH,75,UNIVERSIDAD DEL BIO-BIO,INGENIERIA CIVIL EN AUTOMATIZACION,Biobío,CONCEPCION,CONCEPCION,Pregrado,Profesional Con Licenciatura,1- Ingreso Directo (regular),Biobío
18104531,17900.0,8,Biobío,663,664,610,15 a 19 años,2021,2021,Universidades,Universidades CRUCH,Universidades Privadas CRUCH,87,UNIVERSIDAD DE CONCEPCION,INGENIERIA CIVIL METALURGICA,Biobío,CONCEPCION,CONCEPCION,Pregrado,Profesional Con Licenciatura,1- Ingreso Directo (regular),Biobío
11162666,17915.0,8,Biobío,592,592,525,15 a 19 años,2021,2021,Universidades,Universidades Privadas,Universidades Privadas,39,UNIVERSIDAD SAN SEBASTIAN,INGENIERIA CIVIL INDUSTRIAL,Biobío,CONCEPCION,CONCEPCION,Pregrado,Profesional Con Licenciatura,1- Ingreso Directo (regular),Biobío
18537141,25202.0,13,Metropolitana,646,648,"706,5",15 a 19 años,2021,2021,Universidades,Universidades CRUCH,Universidades Privadas CRUCH,87,UNIVERSIDAD DE CONCEPCION,DERECHO,Biobío,CONCEPCION,CONCEPCION,Pregrado,Profesional Con Licenciatura,1- Ingreso Directo (regular),Biobío
15866952,4824.0,8,Biobío,743,823,454,15 a 19 años,2021,2021,Universidades,Universidades Privadas,Universidades Privadas,39,UNIVERSIDAD SAN SEBASTIAN,TECNOLOGIA MEDICA,Biobío,CONCEPCION,CONCEPCION,Pregrado,Profesional Con Licenciatura,1- Ingreso Directo (regular),Biobío
5187132,17843.0,8,Biobío,663,688,599,15 a 19 años,2021,2021,Universidades,Universidades CRUCH,Universidades Privadas CRUCH,87,UNIVERSIDAD DE CONCEPCION,INGENIERIA AMBIENTAL,Biobío,CONCEPCION,CONCEPCION,Pregrado,Profesional Con Licenciatura,1- Ingreso Directo (regular),Biobío
11696652,4680.0,8,Biobío,506,506,468,15 a 19 años,2021,2021,Universidades,Universidades Privadas,Universidades Privadas,20,UNIVERSIDAD ANDRES BELLO,DERECHO,Biobío,CONCEPCION,CONCEPCION,Pregrado,Profesional Con Licenciatura,1- Ingreso Directo (regular),Biobío
1448347,4824.0,8,Biobío,775,850,614,15 a 19 años,2021,2021,Universidades,Universidades CRUCH,Universidades Estatales CRUCH,75,UNIVERSIDAD DEL BIO-BIO,INGENIERIA DE EJECUCION EN ELECTRONICA,Biobío,CONCEPCION,CONCEPCION,Pregrado,Profesional Sin Licenciatura,1- Ingreso Directo (regular),Biobío
1204599,2109.0,6,Lib. Gral B. O'Higgins,587,602,"595,5",15 a 19 años,2021,2021,Universidades,Universidades CRUCH,Universidades Estatales CRUCH,895,UNIVERSIDAD DE O'HIGGINS,ENFERMERIA,Lib. Gral B. O'Higgins,CACHAPOAL,RANCAGUA,Pregrado,Profesional Con Licenciatura,1- Ingreso Directo (regular),Lib. Gral B. O'Higgins
17137074,3479.0,7,Maule,490,490,"502,5",15 a 19 años,2021,2021,Universidades,Universidades Privadas,Universidades Privadas,31,UNIVERSIDAD AUTONOMA DE CHILE,PSICOLOGIA,Maule,TALCA,TALCA,Pregrado,Profesional Con Licenciatura,1- Ingreso Directo (regular),Maule
7158699,13565.0,4,Coquimbo,609,618,"488,5",15 a 19 años,2021,2021,Universidades,Universidades CRUCH,Universidades Estatales CRUCH,74,UNIVERSIDAD DE LA SERENA,INGENIERIA EN COMPUTACION,Coquimbo,ELQUI,LA SERENA,Pregrado,Profesional Con Licenciatura,1- Ingreso Directo (regular),Coquimbo
16559966,367.0,2,Antofagasta,760,798,"502,5",15 a 19 años,2021,2021,Universidades,Universidades CRUCH,Universidades Privadas CRUCH,91,UNIVERSIDAD CATOLICA DEL NORTE,INGENIERIA CIVIL,Antofagasta,ANTOFAGASTA,ANTOFAGASTA,Pregrado,Profesional Con Licenciatura,1- Ingreso Directo (regular),Antofagasta
23506800,8394.0,11,Aysén,555,561,"526,5",15 a 19 años,2021,2021,Universidades,Universidades CRUCH,Universidades Estatales CRUCH,84,UNIVERSIDAD DE LOS LAGOS,ENFERMERIA,Los Lagos,LLANQUIHUE,PUERTO MONTT,Pregrado,Profesional Con Licenciatura,1- Ingreso Directo (regular),Los Lagos
12190596,14716.0,5,Valparaíso,727,827,"653,5",15 a 19 años,2021,2021,Universidades,Universidades CRUCH,Universidades Privadas CRUCH,89,PONTIFICIA UNIVERSIDAD CATOLICA DE VALPARAISO,LICENCIATURA EN FISICA,Valparaíso,VALPARAISO,VALPARAISO,Pregrado,Licenciatura No Conducente a Título,1- Ingreso Directo (regular),Valparaíso
109157,8394.0,11,Aysén,479,479,432,15 a 19 años,2021,2021,Universidades,Universidades CRUCH,Universidades Estatales CRUCH,77,UNIVERSIDAD DE MAGALLANES,TECNICO EN NIVEL SUPERIOR EN EDUCACION PARVULARIA,Aysén,COYHAIQUE,COYHAIQUE,Pregrado,Técnico de Nivel Superior,1- Ingreso Directo (regular),Aysén
11656515,8394.0,11,Aysén,727,795,0,15 a 19 años,2021,2021,Universidades,Universidades Privadas,Universidades Privadas,45,UNIVERSIDAD DEL DESARROLLO,ENFERMERIA,Metropolitana,SANTIAGO,LAS CONDES,Pregrado,Profesional Con Licenciatura,1- Ingreso Directo (regular),Metropolitana
3476402,9246.0,13,Metropolitana,656,664,"535,5",15 a 19 años,2021,2021,Universidades,Universidades CRUCH,Universidades Privadas CRUCH,69,UNIVERSIDAD ALBERTO HURTADO,ARQUEOLOGIA,Metropolitana,SANTIAGO,SANTIAGO,Pregrado,Profesional Con Licenciatura,1- Ingreso Directo (regular),Metropolitana
12151216,2635.0,6,Lib. Gral B. O'Higgins,706,731,"681,5",15 a 19 años,2021,2021,Universidades,Universidades CRUCH,Universidades Estatales CRUCH,70,UNIVERSIDAD DE CHILE,PROGRAMA ACADEMICO DE BACHILLERATO,Metropolitana,SANTIAGO,SANTIAGO,Pregrado,"Bachillerato, Ciclo Inicial o Plan Común",1- Ingreso Directo (regular),Metropolitana
4674180,2656.0,6,Lib. Gral B. O'Higgins,710,733,0,15 a 19 años,2021,2021,Universidades,Universidades CRUCH,Universidades Estatales CRUCH,71,UNIVERSIDAD DE SANTIAGO DE CHILE,INGENIERIA COMERCIAL,Metropolitana,SANTIAGO,ESTACION CENTRAL,Pregrado,Profesional Con Licenciatura,1- Ingreso Directo (regular),Metropolitana
3606901,2635.0,6,Lib. Gral B. O'Higgins,695,719,"561,5",15 a 19 años,2021,2021,Universidades,Universidades CRUCH,Universidades Estatales CRUCH,72,UNIVERSIDAD DE VALPARAISO,NUTRICION Y DIETETICA,Valparaíso,VALPARAISO,VALPARAISO,Pregrado,Profesional Con Licenciatura,1- Ingreso Directo (regular),Valparaíso
20148507,6752.0,14,Los Ríos,539,549,"419,5",15 a 19 años,2021,2021,Universidades,Universidades Privadas,Universidades Privadas,13,UNIVERSIDAD SANTO TOMAS,DERECHO,Los Ríos,VALDIVIA,VALDIVIA,Pregrado,Profesional Con Licenciatura,1- Ingreso Directo (regular),Los Ríos
