mrun,RBD,CODIGO_REGION_EGRESO,NOMBRE_REGION_EGRESO,PTJE_NEM,PTJE_RANKING,PROM_CM_ACTUAL,rango_edad,anio_ing_carr_ori,anio_ing_carr_act,tipo_inst_1,tipo_inst_2,tipo_inst_3,cod_inst,nomb_inst,nomb_carrera,region_sede,provincia_sede,comuna_sede,nivel_global,nivel_carrera_1,forma_ingreso,NOMBRE_REGION_INGRESO,NOM_RBD,COD_REG_RB,TIPO_DEPEN,LATITUD_COL,LONGITUD_COL,NOMBRE_INS,REGIÓN,COMUNA,LATITUD_UNI,LONGITUD_UNI,TIPO_INST,ID_RBD,N EVALUADO,IVM Bajo,IVM Medio,IVM Alto,IVM Muy Alto,IVM_Establecimiento,valor_corte,DISTANCIA
13776824,9046.0,13,Metropolitana,775,780,"791,5",15 a 19 años,2021,2021,Universidades,Universidades CRUCH,Universidades Privadas CRUCH,86,PONTIFICIA UNIVERSIDAD CATOLICA DE CHILE,INGENIERIA COMERCIAL,Metropolitana,SANTIAGO,MACUL,Pregrado,Profesional Con Licenciatura,1- Ingreso Directo (regular),Metropolitana,COLEGIO THE GRANGE SCHOOL,13.0,3.0,-33.437946,-70.56862,,,,-33.485417,-70.616989,,,,,,,,19.03805,,6.92788569349532
18327063,8503.0,13,Metropolitana,647,693,522,15 a 19 años,2021,2021,Universidades,Universidades CRUCH,Universidades Estatales CRUCH,85,UNIVERSIDAD TECNOLOGICA METROPOLITANA,INGENIERIA EN BIOTECNOLOGIA,Metropolitana,SANTIAGO,ÑUÑOA,Pregrado,Profesional Con Licenciatura,1- Ingreso Directo (regular),Metropolitana,INST.SUP.DE COMERCIO EDUARDO FREI M.,13.0,1.0,-33.442097,-70.656301,,,,-33.452566,-70.591924,,8503.0,1213.0,548.0,111.0,94.0,460.0,21.7438179107262,20.03805,6.08529621068642
23768815,12655.0,1,Tarapacá,775,850,597,15 a 19 años,2021,2021,Universidades,Universidades CRUCH,Universidades Estatales CRUCH,72,UNIVERSIDAD DE VALPARAISO,NUTRICION Y DIETETICA,Valparaíso,VALPARAISO,VALPARAISO,Pregrado,Profesional Con Licenciatura,1- Ingreso Directo (regular),Valparaíso,COLEGIO SAN PEDRO,1.0,2.0,-20.27458,-70.09288,,,,,,,12655.0,241.0,108.0,32.0,19.0,82.0,20.9394118894828,20.03805,
14851720,12830.0,2,Antofagasta,631,645,384,15 a 19 años,2021,2021,Universidades,Universidades Privadas,Universidades Privadas,13,UNIVERSIDAD SANTO TOMAS,INGENIERIA COMERCIAL,Antofagasta,ANTOFAGASTA,ANTOFAGASTA,Pregrado,Profesional Con Licenciatura,1- Ingreso Directo (regular),Antofagasta,LICEO DE ESTUDIOS CONTABLES Y ADMINISTR.,2.0,2.0,-23.641199,-70.390808,,,,-23.560032,-70.40047,,12830.0,733.0,268.0,60.0,59.0,346.0,21.6949625414387,20.03805,9.078895609021894
4421540,13352.0,4,Coquimbo,807,850,672,15 a 19 años,2021,2021,Universidades,Universidades CRUCH,Universidades Estatales CRUCH,72,UNIVERSIDAD DE VALPARAISO,INGENIERIA EN NEGOCIOS INTERNACIONALES,Valparaíso,VALPARAISO,VALPARAISO,Pregrado,Profesional Con Licenciatura,1- Ingreso Directo (regular),Valparaíso,LICEO POLIV.PADRE JOSE HERDE P-LHER,4.0,1.0,-31.38916,-71.41494,,,,,,,13352.0,379.0,226.0,40.0,26.0,87.0,16.5070278881456,20.03805,
2376849,26399.0,13,Metropolitana,517,517,"563,5",15 a 19 años,2021,2021,Universidades,Universidades Privadas,Universidades Privadas,45,UNIVERSIDAD DEL DESARROLLO,ARQUITECTURA,Metropolitana,SANTIAGO,LAS CONDES,Pregrado,Profesional Con Licenciatura,1- Ingreso Directo (regular),Metropolitana,COLEGIO PUMAHUE CHICUREO,13.0,3.0,-33.219913,-70.74448,UNIVERSIDAD DEL DESARROLLO,Metropolitana,LAS CONDES,-33.372476,-70.515748,Universidades privadas,,,,,,,19.03805,,27.19774591990183
15547601,2973.0,7,Maule,656,662,"535,5",15 a 19 años,2021,2021,Universidades,Universidades CRUCH,Universidades Privadas CRUCH,92,UNIVERSIDAD CATOLICA DEL MAULE,TRABAJO SOCIAL,Maule,TALCA,TALCA,Pregrado,Profesional Con Licenciatura,1- Ingreso Directo (regular),Maule,LICEO ABATE MOLINA,7.0,1.0,-35.424061,-71.646896,,,,-35.40421,-71.635118,,2973.0,1809.0,1711.0,24.0,17.0,57.0,9.43045529139836,20.03805,2.4518441464966383
21870090,3885.0,16,Ñuble,679,781,508,15 a 19 años,2021,2021,Universidades,Universidades CRUCH,Universidades Privadas CRUCH,93,UNIVERSIDAD CATOLICA DE LA SANTISIMA CONCEPCION,TECNICO UNIVERSITARIO EN ENFERMERIA,Ñuble,DIGUILLIN,CHILLAN,Pregrado,Técnico de Nivel Superior,1- Ingreso Directo (regular),Ñuble,COLEGIO FRANCISCO DE ASIS,16.0,2.0,-36.70467,-71.890251,,,,,,,3885.0,261.0,209.0,19.0,11.0,22.0,12.9291818040157,20.03805,
21472275,17829.0,16,Ñuble,499,499,"522,5",15 a 19 años,2021,2021,Universidades,Universidades Privadas,Universidades Privadas,38,UNIVERSIDAD ADVENTISTA DE CHILE,PSICOLOGIA,Ñuble,DIGUILLIN,CHILLAN,Pregrado,Profesional Con Licenciatura,1- Ingreso Directo (regular),Ñuble,CENTRO DE ESTUDIO LA ARAUCANA,16.0,2.0,-36.60773,-72.09564,,,,-36.637289,-71.997327,,,,,,,,,,9.369207968431052
10413408,17843.0,8,Biobío,449,451,456,15 a 19 años,2021,2021,Universidades,Universidades Privadas,Universidades Privadas,39,UNIVERSIDAD SAN SEBASTIAN,FONOAUDIOLOGIA,Biobío,CONCEPCION,CONCEPCION,Pregrado,Profesional Con Licenciatura,1- Ingreso Directo (regular),Biobío,COLEGIO AURORA DE CHILE CHIGUAYANTE,8.0,2.0,-36.92593,-73.025383,,,,,,,17843.0,632.0,443.0,42.0,27.0,120.0,14.5060678222416,20.03805,
17990392,20478.0,2,Antofagasta,571,577,502,15 a 19 años,2021,2021,Universidades,Universidades Privadas,Universidades Privadas,13,UNIVERSIDAD SANTO TOMAS,NUTRICION Y DIETETICA,Coquimbo,ELQUI,LA SERENA,Pregrado,Profesional Con Licenciatura,1- Ingreso Directo (regular),Coquimbo,COLEGIO TÉCNICO INDUSTRIAL DON BOSCO - CALAMA,2.0,2.0,-22.445271,-68.939529,,,,-29.879084,-71.251949,,20478.0,662.0,330.0,70.0,66.0,196.0,19.5362563827518,20.03805,858.1394888477074
1455793,7773.0,10,Los Lagos,631,664,617,15 a 19 años,2021,2021,Universidades,Universidades Privadas,Universidades Privadas,39,UNIVERSIDAD SAN SEBASTIAN,KINESIOLOGIA,Los Lagos,LLANQUIHUE,PUERTO MONTT,Pregrado,Profesional Con Licenciatura,1- Ingreso Directo (regular),Los Lagos,ESCUELA EULOGIO GOYCOLEA GARAY,10.0,1.0,-41.773529,-73.128563,,,,-41.46105,-72.930594,,7773.0,168.0,132.0,13.0,10.0,13.0,13.9852944035581,20.03805,38.44632401359916
16285881,2863.0,7,Maule,577,576,492,15 a 19 años,2021,2021,Universidades,Universidades Privadas,Universidades Privadas,31,UNIVERSIDAD AUTONOMA DE CHILE,FONOAUDIOLOGIA,Maule,TALCA,TALCA,Pregrado,Profesional Con Licenciatura,1- Ingreso Directo (regular),Maule,COLEGIO ADVENTISTA DE MOLINA,7.0,2.0,-35.114899,-71.282631,,,,-35.40421,-71.635118,,2863.0,170.0,117.0,10.0,14.0,29.0,14.6391687071782,20.03805,45.37810367491896
12215856,16582.0,7,Maule,707,749,475,15 a 19 años,2021,2021,Universidades,Universidades CRUCH,Universidades Estatales CRUCH,78,UNIVERSIDAD DE TALCA,INGENIERIA COMERCIAL,Maule,TALCA,TALCA,Pregrado,Profesional Con Licenciatura,1- Ingreso Directo (regular),Maule,TECNOLOGICO NUEVO HORIZONTE,7.0,2.0,-34.981522,-71.249603,UNIVERSIDAD DE TALCA,Maule,TALCA,-35.40421,-71.635118,Universidades estatales cruch,16582.0,712.0,553.0,59.0,36.0,64.0,14.114072936156902,20.03805,58.61986767656308
22695527,2782.0,7,Maule,549,548,337,15 a 19 años,2021,2021,Universidades,Universidades CRUCH,Universidades Privadas CRUCH,92,UNIVERSIDAD CATOLICA DEL MAULE,ADMINISTRACION PUBLICA,Maule,CURICO,CURICO,Pregrado,Profesional Con Licenciatura,1- Ingreso Directo (regular),Maule,COLEGIO SAN RAMON NONATO,7.0,2.0,-34.989792,-71.241379,,,,,,,2782.0,477.0,422.0,24.0,8.0,23.0,10.837868334802298,20.03805,
7207433,2782.0,7,Maule,426,429,548,15 a 19 años,2021,2021,Universidades,Universidades Privadas,Universidades Privadas,31,UNIVERSIDAD AUTONOMA DE CHILE,PEDAGOGIA EN EDUCACION FISICA,Maule,TALCA,TALCA,Pregrado,Profesional Con Licenciatura,1- Ingreso Directo (regular),Maule,COLEGIO SAN RAMON NONATO,7.0,2.0,-34.989792,-71.241379,,,,-35.40421,-71.635118,,2782.0,477.0,422.0,24.0,8.0,23.0,10.837868334802298,20.03805,58.3393545959821
4537253,2787.0,7,Maule,624,642,589,15 a 19 años,2021,2021,Universidades,Universidades CRUCH,Universidades Estatales CRUCH,71,UNIVERSIDAD DE SANTIAGO DE CHILE,ADMINISTRACION PUBLICA,Metropolitana,SANTIAGO,ESTACION CENTRAL,Pregrado,Profesional Con Licenciatura,1- Ingreso Directo (regular),Metropolitana,COLEGIO SANTO TOMAS DE CURICO,7.0,2.0,-34.988029,-71.239807,,,,-33.444477,-70.68375,,2787.0,230.0,203.0,11.0,9.0,7.0,13.1848342962693,20.03805,179.08776794430003
19056723,16424.0,7,Maule,555,571,624,15 a 19 años,2021,2021,Universidades,Universidades Privadas,Universidades Privadas,31,UNIVERSIDAD AUTONOMA DE CHILE,PSICOLOGIA,Maule,TALCA,TALCA,Pregrado,Profesional Con Licenciatura,1- Ingreso Directo (regular),Maule,LICEO BICENTENARIO DE MOLINA MARIA DEL TRÁNSITO DE LA CRUZ,7.0,1.0,-35.113079,-71.283493,,,,-35.40421,-71.635118,,16424.0,282.0,243.0,15.0,5.0,19.0,11.4818791898125,20.03805,45.46705731538719
5605741,16417.0,7,Maule,657,692,"544,5",15 a 19 años,2021,2021,Universidades,Universidades CRUCH,Universidades Privadas CRUCH,92,UNIVERSIDAD CATOLICA DEL MAULE,ENFERMERIA,Maule,CURICO,CURICO,Pregrado,Profesional Con Licenciatura,1- Ingreso Directo (regular),Maule,COLEGIO BICENTENARIO POLITECNICO SAN JOSE DE CURICO,7.0,2.0,-34.99118,-71.235397,,,,,,,16417.0,842.0,504.0,89.0,75.0,174.0,16.430067715840583,20.03805,
14890827,10724.0,13,Metropolitana,631,631,"515,5",15 a 19 años,2021,2021,Universidades,Universidades Privadas,Universidades Privadas,20,UNIVERSIDAD ANDRES BELLO,MEDICINA VETERINARIA,Metropolitana,SANTIAGO,SANTIAGO,Pregrado,Profesional Con Licenciatura,1- Ingreso Directo (regular),Metropolitana,COLEGIO CARAMPANGUE,13.0,3.0,-33.664078,-70.93193,,,,-33.434819,-70.662722,,,,,,,,19.03805,,35.66863932574954
2710784,22306.0,10,Los Lagos,624,644,"562,5",15 a 19 años,2021,2021,Universidades,Universidades CRUCH,Universidades Privadas CRUCH,90,UNIVERSIDAD AUSTRAL DE CHILE,ENFERMERIA,Los Lagos,LLANQUIHUE,PUERTO MONTT,Pregrado,Profesional Con Licenciatura,1- Ingreso Directo (regular),Los Lagos,COLEGIO PUERTO MONTT,10.0,2.0,-41.47007,-72.932503,UNIVERSIDAD AUSTRAL DE CHILE,Los Lagos,PUERTO MONTT,-41.486126,-72.9,Universidades privadas cruch,22306.0,95.0,76.0,7.0,7.0,5.0,12.7597480347576,20.03805,3.243372383069926
2643766,704.0,4,Coquimbo,555,555,"547,5",15 a 19 años,2021,2021,Universidades,Universidades CRUCH,Universidades Estatales CRUCH,72,UNIVERSIDAD DE VALPARAISO,BIOLOGIA MARINA,Valparaíso,VALPARAISO,VALPARAISO,Pregrado,Profesional Con Licenciatura,1- Ingreso Directo (regular),Valparaíso,LICEO ALEJANDRO ALVAREZ JOFRE,4.0,1.0,-30.60228,-71.204826,,,,,,,704.0,654.0,591.0,32.0,16.0,15.0,11.9345738837256,20.03805,
15859819,22114.0,10,Los Lagos,566,595,"413,5",15 a 19 años,2021,2021,Universidades,Universidades CRUCH,Universidades Estatales CRUCH,84,UNIVERSIDAD DE LOS LAGOS,DERECHO,Los Lagos,OSORNO,OSORNO,Pregrado,Profesional Con Licenciatura,1- Ingreso Directo (regular),Los Lagos,LICEO PREMILITAR HÉROES DE LA CONCEPCIÓN,10.0,2.0,-40.57777,-73.123833,UNIVERSIDAD DE LOS LAGOS,Los Lagos,OSORNO,-40.571171,-73.132523,Universidades estatales cruch,22114.0,254.0,105.0,26.0,37.0,86.0,20.2590360177343,20.03805,1.0378397839312572
2408903,9656.0,13,Metropolitana,695,772,600,15 a 19 años,2021,2021,Universidades,Universidades CRUCH,Universidades Estatales CRUCH,70,UNIVERSIDAD DE CHILE,INGENIERIA EN RECURSOS NATURALES RENOVABLES,Metropolitana,SANTIAGO,SANTIAGO,Pregrado,Profesional Con Licenciatura,1- Ingreso Directo (regular),Metropolitana,ESCUELA PARTICULAR PDTE.JOSE J.PRIETO,13.0,2.0,-33.577183,-70.630169,UNIVERSIDAD DE CHILE,Metropolitana,SANTIAGO,-33.435867,-70.645832,Universidades estatales cruch,9656.0,350.0,230.0,30.0,23.0,67.0,16.3640934975198,20.03805,15.780585475836178
7853737,9519.0,13,Metropolitana,624,663,525,15 a 19 años,2021,2021,Universidades,Universidades CRUCH,Universidades Privadas CRUCH,69,UNIVERSIDAD ALBERTO HURTADO,BACHILLERATO EN HUMANIDADES,Metropolitana,SANTIAGO,SANTIAGO,Pregrado,"Bachillerato, Ciclo Inicial o Plan Común",1- Ingreso Directo (regular),Metropolitana,COLEGIO BICENTENARIO SANTO CURA DE ARS,13.0,2.0,-33.506849,-70.652088,UNIVERSIDAD ALBERTO HURTADO,Metropolitana,SANTIAGO,-33.443917,-70.662204,Universidades privadas cruch,9519.0,313.0,243.0,40.0,18.0,12.0,14.565400877543002,20.03805,7.060340437872977
15863634,25434.0,13,Metropolitana,444,444,"482,5",15 a 19 años,2021,2021,Universidades,Universidades Privadas,Universidades Privadas,13,UNIVERSIDAD SANTO TOMAS,PSICOLOGIA,Metropolitana,SANTIAGO,SANTIAGO,Pregrado,Profesional Con Licenciatura,1- Ingreso Directo (regular),Metropolitana,COLEGIO PARTICULAR FORJADORES,13.0,2.0,-33.60894,-70.901852,,,,-33.434819,-70.662722,,25434.0,242.0,213.0,11.0,13.0,5.0,12.6869342375566,20.03805,29.43225495359424
7093160,8877.0,13,Metropolitana,635,635,"601,5",15 a 19 años,2021,2021,Universidades,Universidades CRUCH,Universidades Privadas CRUCH,34,UNIVERSIDAD DE LOS ANDES,NUTRICION Y DIETETICA,Metropolitana,SANTIAGO,LAS CONDES,Pregrado,Profesional Con Licenciatura,1- Ingreso Directo (regular),Metropolitana,COLEGIO DE LOS SAGRADOS CORAZONES,13.0,3.0,-33.378682,-70.55175,UNIVERSIDAD DE LOS ANDES,Metropolitana,LAS CONDES,-33.402614,-70.508281,Universidades privadas cruch,,,,,,,19.03805,,4.834087693689467
21208644,8871.0,13,Metropolitana,549,549,"635,5",15 a 19 años,2021,2021,Universidades,Universidades Privadas,Universidades Privadas,45,UNIVERSIDAD DEL DESARROLLO,ARQUITECTURA,Metropolitana,SANTIAGO,LAS CONDES,Pregrado,Profesional Con Licenciatura,1- Ingreso Directo (regular),Metropolitana,COLEGIO LOS ANDES DE VITACURA,13.0,3.0,-33.375508,-70.52658,UNIVERSIDAD DEL DESARROLLO,Metropolitana,LAS CONDES,-33.372476,-70.515748,Universidades privadas,,,,,,,19.03805,,1.060843423032315
2702297,2110.0,6,Lib. Gral B. O'Higgins,717,727,0,15 a 19 años,2021,2021,Universidades,Universidades CRUCH,Universidades Estatales CRUCH,895,UNIVERSIDAD DE O'HIGGINS,PEDAGOGIA EN MATEMATICA,Lib. Gral B. O'Higgins,CACHAPOAL,RANCAGUA,Pregrado,Profesional Con Licenciatura,1- Ingreso Directo (regular),Lib. Gral B. O'Higgins,LICEO MUNICIPAL OSCAR CASTRO ZUNIGA,6.0,1.0,-34.170921,-70.738098,UNIVERSIDAD DE O'HIGGINS,Lib. Gral B. O'Higgins,RANCAGUA,-34.164317,-70.741429,Universidades estatales cruch,2110.0,1606.0,1225.0,94.0,66.0,221.0,14.218059942985596,20.03805,0.7957137211605817
12741793,25550.0,13,Metropolitana,570,586,"542,5",15 a 19 años,2021,2021,Universidades,Universidades Privadas,Universidades Privadas,10,UNIVERSIDAD MAYOR,INGENIERIA CIVIL INDUSTRIAL,Metropolitana,SANTIAGO,PROVIDENCIA,Pregrado,Profesional Con Licenciatura,1- Ingreso Directo (regular),Metropolitana,ESC. BASICA PART. BOSTON COLLEGE LA FARFANA,13.0,2.0,-33.490481,-70.768416,UNIVERSIDAD MAYOR,Metropolitana,PROVIDENCIA,-33.431348,-70.618449,Universidades privadas,25550.0,398.0,265.0,36.0,27.0,70.0,15.6276900873083,20.03805,15.387411712104347
14142305,8950.0,13,Metropolitana,689,703,599,15 a 19 años,2021,2021,Universidades,Universidades CRUCH,Universidades Estatales CRUCH,71,UNIVERSIDAD DE SANTIAGO DE CHILE,ARQUITECTURA,Metropolitana,SANTIAGO,ESTACION CENTRAL,Pregrado,Profesional Con Licenciatura,1- Ingreso Directo (regular),Metropolitana,COLEGIO COMPANIA DE MARIA-SEMINARIO,13.0,3.0,-33.437231,-70.63094,,,,-33.444477,-70.68375,,,,,,,,19.03805,,4.965890864356229
13261378,17662.0,16,Ñuble,620,643,501,15 a 19 años,2021,2021,Universidades,Universidades CRUCH,Universidades Estatales CRUCH,75,UNIVERSIDAD DEL BIO-BIO,DISEÑO GRAFICO,Ñuble,DIGUILLIN,CHILLAN,Pregrado,Profesional Con Licenciatura,1- Ingreso Directo (regular),Ñuble,LICEO BICENTENARIO CLAUDIO ARRAU LEÓN,16.0,1.0,-36.630539,-71.837532,,,,,,,17662.0,530.0,242.0,51.0,54.0,183.0,19.818846889439232,20.03805,
20783904,10433.0,13,Metropolitana,771,845,"511,5",15 a 19 años,2021,2021,Universidades,Universidades CRUCH,Universidades Privadas CRUCH,88,UNIVERSIDAD TECNICA FEDERICO SANTA MARIA,INGENIERIA EN AVIACION COMERCIAL,Metropolitana,SANTIAGO,VITACURA,Pregrado,Profesional Con Licenciatura,1- Ingreso Directo (regular),Metropolitana,LICEO HUERTOS FAMILIARES,13.0,1.0,-33.130372,-70.802222,,,,-33.37757,-70.577393,,10433.0,170.0,60.0,17.0,21.0,72.0,20.23992248222548,20.03805,34.53413303654507
9900685,1214.0,5,Valparaíso,710,728,"646,5",15 a 19 años,2021,2021,Universidades,Universidades CRUCH,Universidades Privadas CRUCH,87,UNIVERSIDAD DE CONCEPCION,MEDICINA VETERINARIA,Biobío,CONCEPCION,CONCEPCION,Pregrado,Profesional Con Licenciatura,1- Ingreso Directo (regular),Biobío,COLEGIO MARIA AUXILIADORA,5.0,2.0,-32.83239,-70.601646,,,,,,,1214.0,347.0,277.0,13.0,10.0,47.0,13.4913174230794,20.03805,
3535594,15624.0,6,Lib. Gral B. O'Higgins,689,710,532,15 a 19 años,2021,2021,Universidades,Universidades CRUCH,Universidades Estatales CRUCH,895,UNIVERSIDAD DE O'HIGGINS,TERAPIA OCUPACIONAL,Lib. Gral B. O'Higgins,CACHAPOAL,RANCAGUA,Pregrado,Profesional Con Licenciatura,1- Ingreso Directo (regular),Lib. Gral B. O'Higgins,COLEGIO MISTRAL,6.0,2.0,-34.290352,-71.311409,UNIVERSIDAD DE O'HIGGINS,Lib. Gral B. O'Higgins,RANCAGUA,-34.164317,-70.741429,Universidades estatales cruch,15624.0,366.0,255.0,28.0,17.0,66.0,14.362538736585298,20.03805,54.243995586703626
229196,14594.0,5,Valparaíso,710,752,"664,5",15 a 19 años,2021,2021,Universidades,Universidades CRUCH,Universidades Estatales CRUCH,72,UNIVERSIDAD DE VALPARAISO,ENFERMERIA,Valparaíso,VALPARAISO,VALPARAISO,Pregrado,Profesional Con Licenciatura,1- Ingreso Directo (regular),Valparaíso,COLEGIO QUILLOTA TERRANOVA,5.0,2.0,-32.86293,-71.237541,,,,,,,14594.0,131.0,126.0,1.0,2.0,2.0,10.3393651670785,20.03805,
14665276,9757.0,13,Metropolitana,786,850,"709,5",15 a 19 años,2021,2021,Universidades,Universidades CRUCH,Universidades Estatales CRUCH,70,UNIVERSIDAD DE CHILE,TECNOLOGIA MEDICA,Metropolitana,SANTIAGO,SANTIAGO,Pregrado,Profesional Con Licenciatura,1- Ingreso Directo (regular),Metropolitana,CENTRO EDUCACIONAL SANTA CLARA,13.0,2.0,-33.521044,-70.657073,UNIVERSIDAD DE CHILE,Metropolitana,SANTIAGO,-33.435867,-70.645832,Universidades estatales cruch,9757.0,271.0,190.0,33.0,27.0,21.0,15.0061593959871,20.03805,9.528458952512468
22126782,9564.0,13,Metropolitana,786,847,"696,5",15 a 19 años,2021,2021,Universidades,Universidades Privadas,Universidades Privadas,31,UNIVERSIDAD AUTONOMA DE CHILE,MEDICINA,Metropolitana,SANTIAGO,PROVIDENCIA,Pregrado,Profesional Con Licenciatura,1- Ingreso Directo (regular),Metropolitana,COLEGIO PARROQUIAL SAN MIGUEL,13.0,2.0,-33.48703,-70.65014,,,,-33.418143,-70.602462,,9564.0,358.0,316.0,12.0,21.0,9.0,12.1796791602933,20.03805,8.845308990744432
14750102,11776.0,13,Metropolitana,717,735,706,15 a 19 años,2021,2021,Universidades,Universidades Privadas,Universidades Privadas,9,UNIVERSIDAD DEL ALBA,MEDICINA,Metropolitana,SANTIAGO,PROVIDENCIA,Pregrado,Profesional Con Licenciatura,1- Ingreso Directo (regular),Metropolitana,COLEGIO THE MAYFLOWER SCHOOL,13.0,3.0,-33.346077,-70.50415,,,,-33.418143,-70.602462,,,,,,,,19.03805,,12.146577382762072
965440,8904.0,13,Metropolitana,667,667,684,15 a 19 años,2021,2021,Universidades,Universidades CRUCH,Universidades Privadas CRUCH,34,UNIVERSIDAD DE LOS ANDES,NUTRICION Y DIETETICA,Metropolitana,SANTIAGO,LAS CONDES,Pregrado,Profesional Con Licenciatura,1- Ingreso Directo (regular),Metropolitana,COLEGIO SANTA URSULA,13.0,3.0,-33.393524,-70.59769,UNIVERSIDAD DE LOS ANDES,Metropolitana,LAS CONDES,-33.402614,-70.508281,Universidades privadas cruch,,,,,,,19.03805,,8.361414696442333
22559794,8877.0,13,Metropolitana,635,635,"665,5",15 a 19 años,2021,2021,Universidades,Universidades CRUCH,Universidades Privadas CRUCH,86,PONTIFICIA UNIVERSIDAD CATOLICA DE CHILE,COLLEGE ARTES Y HUMANIDADES (LICENCIATURA),Metropolitana,SANTIAGO,MACUL,Pregrado,"Bachillerato, Ciclo Inicial o Plan Común",1- Ingreso Directo (regular),Metropolitana,COLEGIO DE LOS SAGRADOS CORAZONES,13.0,3.0,-33.378682,-70.55175,,,,-33.485417,-70.616989,,,,,,,,19.03805,,13.323252674635048
4667948,25369.0,13,Metropolitana,727,770,665,15 a 19 años,2021,2021,Universidades,Universidades CRUCH,Universidades Estatales CRUCH,70,UNIVERSIDAD DE CHILE,BIOQUIMICA,Metropolitana,SANTIAGO,SANTIAGO,Pregrado,Profesional Con Licenciatura,1- Ingreso Directo (regular),Metropolitana,COLEGIO PARTICULAR ALICANTE,13.0,2.0,-33.475217,-70.757303,UNIVERSIDAD DE CHILE,Metropolitana,SANTIAGO,-33.435867,-70.645832,Universidades estatales cruch,25369.0,1248.0,1058.0,84.0,51.0,55.0,12.8694754714092,20.03805,11.228901356046926
6831504,1631.0,5,Valparaíso,667,681,635,15 a 19 años,2021,2021,Universidades,Universidades CRUCH,Universidades Estatales CRUCH,72,UNIVERSIDAD DE VALPARAISO,OBSTETRICIA Y PUERICULTURA,Valparaíso,SAN FELIPE DE ACONCAGUA,SAN FELIPE,Pregrado,Profesional Con Licenciatura,1- Ingreso Directo (regular),Valparaíso,"COLEGIO DE LOS SAGRADOS CORAZONES, PADRES FRANCESES",5.0,3.0,-33.017607,-71.526852,,,,-32.741343,-70.702695,,,,,,,,19.03805,,82.86622704464475
5122323,40289.0,5,Valparaíso,598,598,"555,5",15 a 19 años,2021,2021,Universidades,Universidades CRUCH,Universidades Privadas CRUCH,89,PONTIFICIA UNIVERSIDAD CATOLICA DE VALPARAISO,GEOGRAFIA,Valparaíso,VALPARAISO,VALPARAISO,Pregrado,Profesional Con Licenciatura,1- Ingreso Directo (regular),Valparaíso,INSTITUTO BICENTENARIO J.MIGUEL CARRERA,5.0,1.0,-33.597321,-71.613777,,,,,,,40289.0,312.0,249.0,22.0,17.0,24.0,12.7429736098387,20.03805,
20400528,4805.0,8,Biobío,581,599,0,15 a 19 años,2021,2021,Universidades,Universidades Privadas,Universidades Privadas,13,UNIVERSIDAD SANTO TOMAS,KINESIOLOGIA,Biobío,CONCEPCION,CONCEPCION,Pregrado,Profesional Con Licenciatura,1- Ingreso Directo (regular),Biobío,LICEO PENCOPOLITANO,8.0,1.0,-36.738831,-73.00135,,,,,,,4805.0,586.0,508.0,22.0,22.0,34.0,13.1432142287508,20.03805,
2444539,4762.0,8,Biobío,433,435,"502,5",15 a 19 años,2021,2021,Universidades,Universidades Privadas,Universidades Privadas,39,UNIVERSIDAD SAN SEBASTIAN,KINESIOLOGIA,Biobío,CONCEPCION,CONCEPCION,Pregrado,Profesional Con Licenciatura,1- Ingreso Directo (regular),Biobío,LICEO LA ASUNCION,8.0,2.0,-36.746559,-73.109711,,,,,,,4762.0,785.0,624.0,58.0,43.0,60.0,14.3038914624095,20.03805,
9302109,4805.0,8,Biobío,577,590,458,15 a 19 años,2021,2021,Universidades,Universidades Privadas,Universidades Privadas,39,UNIVERSIDAD SAN SEBASTIAN,TERAPIA OCUPACIONAL,Biobío,CONCEPCION,CONCEPCION,Pregrado,Profesional Con Licenciatura,1- Ingreso Directo (regular),Biobío,LICEO PENCOPOLITANO,8.0,1.0,-36.738831,-73.00135,,,,,,,4805.0,586.0,508.0,22.0,22.0,34.0,13.1432142287508,20.03805,
16143135,25349.0,13,Metropolitana,538,538,460,15 a 19 años,2021,2021,Universidades,Universidades CRUCH,Universidades Estatales CRUCH,75,UNIVERSIDAD DEL BIO-BIO,INGENIERIA CIVIL MECANICA,Biobío,CONCEPCION,CONCEPCION,Pregrado,Profesional Con Licenciatura,1- Ingreso Directo (regular),Biobío,COLEGIO PARTICULAR MELFORD COLLEGE,13.0,2.0,-33.361912,-70.728961,,,,,,,25349.0,271.0,188.0,32.0,21.0,30.0,15.8204864390887,20.03805,
1290740,4553.0,8,Biobío,775,831,711,15 a 19 años,2021,2021,Universidades,Universidades CRUCH,Universidades Privadas CRUCH,90,UNIVERSIDAD AUSTRAL DE CHILE,MEDICINA,Los Ríos,VALDIVIA,VALDIVIA,Pregrado,Profesional Con Licenciatura,1- Ingreso Directo (regular),Los Ríos,LICEO DE NIÑAS,8.0,5.0,-36.830212,-73.050911,UNIVERSIDAD AUSTRAL DE CHILE,Los Ríos,VALDIVIA,-39.792732,-73.392719,Universidades privadas cruch,4553.0,536.0,456.0,28.0,15.0,37.0,13.5359011687216,20.03805,330.76351144258155
24255262,4277.0,8,Biobío,711,821,"442,5",15 a 19 años,2021,2021,Universidades,Universidades CRUCH,Universidades Privadas CRUCH,93,UNIVERSIDAD CATOLICA DE LA SANTISIMA CONCEPCION,LICENCIATURA EN DERECHO,Biobío,CONCEPCION,CONCEPCION,Pregrado,Profesional Con Licenciatura,1- Ingreso Directo (regular),Biobío,CENTRO EDUCACIÓN ADVENTISTA LOS ÁNGELES,8.0,2.0,-37.432491,-72.184799,,,,,,,4277.0,1031.0,503.0,96.0,83.0,349.0,18.3973989616609,20.03805,
15276661,4824.0,8,Biobío,610,652,"537,5",15 a 19 años,2021,2021,Universidades,Universidades Privadas,Universidades Privadas,39,UNIVERSIDAD SAN SEBASTIAN,PSICOLOGIA,Biobío,CONCEPCION,CONCEPCION,Pregrado,Profesional Con Licenciatura,1- Ingreso Directo (regular),Biobío,LICEO BICENTENARIO DE EXCELENCIA INDUSTRIAL DE TOME,8.0,4.0,-36.610809,-72.955467,,,,,,,4824.0,442.0,231.0,33.0,31.0,147.0,18.3794874926409,20.03805,
17745613,18114.0,8,Biobío,652,656,498,15 a 19 años,2021,2021,Universidades,Universidades Privadas,Universidades Privadas,39,UNIVERSIDAD SAN SEBASTIAN,KINESIOLOGIA,Biobío,CONCEPCION,CONCEPCION,Pregrado,Profesional Con Licenciatura,1- Ingreso Directo (regular),Biobío,COLEGIO A-LAFKEN,8.0,2.0,-36.743118,-72.996758,,,,,,,18114.0,125.0,106.0,7.0,3.0,9.0,11.657851707416,20.03805,
2359172,17750.0,8,Biobío,538,538,"519,5",15 a 19 años,2021,2021,Universidades,Universidades Privadas,Universidades Privadas,13,UNIVERSIDAD SANTO TOMAS,PSICOLOGIA,Biobío,CONCEPCION,CONCEPCION,Pregrado,Profesional Con Licenciatura,1- Ingreso Directo (regular),Biobío,COLEGIO SALESIANO DE CONCEPCION,8.0,2.0,-36.81905,-73.034409,,,,,,,17750.0,947.0,677.0,57.0,52.0,161.0,14.5621448016349,20.03805,
24154189,4630.0,8,Biobío,577,576,497,15 a 19 años,2021,2021,Universidades,Universidades CRUCH,Universidades Privadas CRUCH,93,UNIVERSIDAD CATOLICA DE LA SANTISIMA CONCEPCION,INGENIERIA COMERCIAL,Biobío,CONCEPCION,CONCEPCION,Pregrado,Profesional Con Licenciatura,1- Ingreso Directo (regular),Biobío,COLEGIO DEL SAGRADO CORAZON,8.0,2.0,-36.826019,-73.055687,,,,,,,4630.0,618.0,494.0,31.0,36.0,57.0,12.4802282052045,20.03805,
12939081,4630.0,8,Biobío,646,656,576,15 a 19 años,2021,2021,Universidades,Universidades CRUCH,Universidades Privadas CRUCH,93,UNIVERSIDAD CATOLICA DE LA SANTISIMA CONCEPCION,LICENCIATURA EN DERECHO,Biobío,CONCEPCION,CONCEPCION,Pregrado,Profesional Con Licenciatura,1- Ingreso Directo (regular),Biobío,COLEGIO DEL SAGRADO CORAZON,8.0,2.0,-36.826019,-73.055687,,,,,,,4630.0,618.0,494.0,31.0,36.0,57.0,12.4802282052045,20.03805,
10802964,4636.0,8,Biobío,555,555,518,15 a 19 años,2021,2021,Universidades,Universidades CRUCH,Universidades Privadas CRUCH,87,UNIVERSIDAD DE CONCEPCION,QUIMICO ANALISTA,Biobío,CONCEPCION,CONCEPCION,Pregrado,Profesional Con Licenciatura,1- Ingreso Directo (regular),Biobío,COLEGIO MARCELA PAZ,8.0,2.0,-36.815559,-73.051361,,,,,,,4636.0,155.0,129.0,10.0,8.0,8.0,13.2644820897506,20.03805,
5664695,4555.0,8,Biobío,506,506,"527,5",15 a 19 años,2021,2021,Universidades,Universidades Privadas,Universidades Privadas,39,UNIVERSIDAD SAN SEBASTIAN,ARQUITECTURA,Biobío,CONCEPCION,CONCEPCION,Pregrado,Profesional Con Licenciatura,1- Ingreso Directo (regular),Biobío,LICEO ENRIQUE MOLINA GARMENDIA,8.0,5.0,-36.831501,-73.04689,,,,,,,4555.0,279.0,186.0,27.0,21.0,45.0,16.4378971385733,20.03805,
20517487,4822.0,8,Biobío,517,517,"561,5",15 a 19 años,2021,2021,Universidades,Universidades Privadas,Universidades Privadas,20,UNIVERSIDAD ANDRES BELLO,MEDICINA VETERINARIA,Biobío,CONCEPCION,CONCEPCION,Pregrado,Profesional Con Licenciatura,1- Ingreso Directo (regular),Biobío,COLEGIO EL REFUGIO,8.0,2.0,-36.74073,-72.997993,,,,,,,4822.0,171.0,156.0,4.0,3.0,8.0,11.4725022207092,20.03805,
23086422,17782.0,8,Biobío,818,850,491,15 a 19 años,2021,2021,Universidades,Universidades CRUCH,Universidades Estatales CRUCH,75,UNIVERSIDAD DEL BIO-BIO,INGENIERIA COMERCIAL,Biobío,CONCEPCION,CONCEPCION,Pregrado,Profesional Con Licenciatura,1- Ingreso Directo (regular),Biobío,LICEO RIOS DE CHILE,8.0,1.0,-36.708839,-72.974792,,,,,,,17782.0,198.0,158.0,5.0,6.0,29.0,13.2505053111,20.03805,
14743009,3638.0,16,Ñuble,814,850,728,15 a 19 años,2021,2021,Universidades,Universidades CRUCH,Universidades Estatales CRUCH,75,UNIVERSIDAD DEL BIO-BIO,INGENIERIA EN RECURSOS NATURALES,Ñuble,DIGUILLIN,CHILLAN,Pregrado,Profesional Con Licenciatura,1- Ingreso Directo (regular),Ñuble,LICEO BICENTENARIO MARTA BRUNET CÁRAVES,16.0,1.0,-36.60717,-72.107338,,,,,,,3638.0,836.0,538.0,75.0,59.0,164.0,17.1030329005215,20.03805,
323563,4574.0,8,Biobío,743,835,"568,5",15 a 19 años,2021,2021,Universidades,Universidades CRUCH,Universidades Privadas CRUCH,87,UNIVERSIDAD DE CONCEPCION,PEDAGOGIA EN MATEMATICAS,Biobío,CONCEPCION,CONCEPCION,Pregrado,Profesional Con Licenciatura,1- Ingreso Directo (regular),Biobío,COLEGIO BICENTENARIO ESPAÑA,8.0,5.0,-36.824348,-73.036507,,,,,,,4574.0,366.0,221.0,25.0,25.0,95.0,17.8380074082103,20.03805,
11871298,17859.0,8,Biobío,814,847,736,15 a 19 años,2021,2021,Universidades,Universidades CRUCH,Universidades Privadas CRUCH,86,PONTIFICIA UNIVERSIDAD CATOLICA DE CHILE,INGENIERIA CIVIL,Metropolitana,SANTIAGO,MACUL,Pregrado,Profesional Con Licenciatura,1- Ingreso Directo (regular),Metropolitana,COLEGIO ALMONDALE,8.0,2.0,-36.83419,-73.103149,,,,-33.485417,-70.616989,,17859.0,417.0,414.0,0.0,0.0,3.0,7.64523147300304,20.03805,435.54401204939535
5996654,18114.0,8,Biobío,624,624,"464,5",15 a 19 años,2021,2021,Universidades,Universidades CRUCH,Universidades Privadas CRUCH,93,UNIVERSIDAD CATOLICA DE LA SANTISIMA CONCEPCION,PERIODISMO,Biobío,CONCEPCION,CONCEPCION,Pregrado,Profesional Con Licenciatura,1- Ingreso Directo (regular),Biobío,COLEGIO A-LAFKEN,8.0,2.0,-36.743118,-72.996758,,,,,,,18114.0,125.0,106.0,7.0,3.0,9.0,11.657851707416,20.03805,
2460331,4630.0,8,Biobío,753,787,"629,5",15 a 19 años,2021,2021,Universidades,Universidades CRUCH,Universidades Privadas CRUCH,87,UNIVERSIDAD DE CONCEPCION,DERECHO,Biobío,CONCEPCION,CONCEPCION,Pregrado,Profesional Con Licenciatura,1- Ingreso Directo (regular),Biobío,COLEGIO DEL SAGRADO CORAZON,8.0,2.0,-36.826019,-73.055687,,,,,,,4630.0,618.0,494.0,31.0,36.0,57.0,12.4802282052045,20.03805,
1391867,4555.0,8,Biobío,460,460,"472,5",15 a 19 años,2021,2021,Universidades,Universidades Privadas,Universidades Privadas,20,UNIVERSIDAD ANDRES BELLO,MEDICINA VETERINARIA,Biobío,CONCEPCION,CONCEPCION,Pregrado,Profesional Con Licenciatura,1- Ingreso Directo (regular),Biobío,LICEO ENRIQUE MOLINA GARMENDIA,8.0,5.0,-36.831501,-73.04689,,,,,,,4555.0,279.0,186.0,27.0,21.0,45.0,16.4378971385733,20.03805,
20083934,4805.0,8,Biobío,613,640,613,15 a 19 años,2021,2021,Universidades,Universidades CRUCH,Universidades Estatales CRUCH,75,UNIVERSIDAD DEL BIO-BIO,INGENIERIA CIVIL,Biobío,CONCEPCION,CONCEPCION,Pregrado,Profesional Con Licenciatura,1- Ingreso Directo (regular),Biobío,LICEO PENCOPOLITANO,8.0,1.0,-36.738831,-73.00135,,,,,,,4805.0,586.0,508.0,22.0,22.0,34.0,13.1432142287508,20.03805,
14007414,4630.0,8,Biobío,706,729,"534,5",15 a 19 años,2021,2021,Universidades,Universidades CRUCH,Universidades Privadas CRUCH,93,UNIVERSIDAD CATOLICA DE LA SANTISIMA CONCEPCION,LICENCIATURA EN DERECHO,Biobío,CONCEPCION,CONCEPCION,Pregrado,Profesional Con Licenciatura,1- Ingreso Directo (regular),Biobío,COLEGIO DEL SAGRADO CORAZON,8.0,2.0,-36.826019,-73.055687,,,,,,,4630.0,618.0,494.0,31.0,36.0,57.0,12.4802282052045,20.03805,
15810510,17885.0,8,Biobío,764,835,576,15 a 19 años,2021,2021,Universidades,Universidades CRUCH,Universidades Privadas CRUCH,87,UNIVERSIDAD DE CONCEPCION,TRADUCCION/INTERPRETACION EN IDIOMAS EXTRANJEROS,Biobío,CONCEPCION,CONCEPCION,Pregrado,Profesional Con Licenciatura,1- Ingreso Directo (regular),Biobío,CENTRO EDUCACIONAL BICENTENARIO ALTOS DE TOMÉ,8.0,1.0,-36.60215,-72.958054,,,,,,,17885.0,903.0,719.0,61.0,43.0,80.0,14.067766387738,20.03805,
13140713,4630.0,8,Biobío,684,702,613,15 a 19 años,2021,2021,Universidades,Universidades Privadas,Universidades Privadas,39,UNIVERSIDAD SAN SEBASTIAN,TECNOLOGIA MEDICA,Biobío,CONCEPCION,CONCEPCION,Pregrado,Profesional Con Licenciatura,1- Ingreso Directo (regular),Biobío,COLEGIO DEL SAGRADO CORAZON,8.0,2.0,-36.826019,-73.055687,,,,,,,4630.0,618.0,494.0,31.0,36.0,57.0,12.4802282052045,20.03805,
2893503,4686.0,8,Biobío,566,566,526,15 a 19 años,2021,2021,Universidades,Universidades CRUCH,Universidades Estatales CRUCH,75,UNIVERSIDAD DEL BIO-BIO,INGENIERIA COMERCIAL,Biobío,CONCEPCION,CONCEPCION,Pregrado,Profesional Con Licenciatura,1- Ingreso Directo (regular),Biobío,INSTITUTO DE HUMANIDADES ALFREDO SILVA S,8.0,3.0,-36.83108,-73.04507,,,,,,,,,,,,,19.03805,,
9402726,4536.0,8,Biobío,689,711,518,15 a 19 años,2021,2021,Universidades,Universidades CRUCH,Universidades Privadas CRUCH,93,UNIVERSIDAD CATOLICA DE LA SANTISIMA CONCEPCION,LICENCIATURA EN DERECHO,Biobío,CONCEPCION,CONCEPCION,Pregrado,Profesional Con Licenciatura,1- Ingreso Directo (regular),Biobío,LICEO COMERCIAL FEMENINO DE CONCEPCION,8.0,4.0,-36.823841,-73.056664,,,,,,,4536.0,274.0,163.0,23.0,17.0,71.0,18.0816203743141,20.03805,
5563822,17782.0,8,Biobío,786,850,626,15 a 19 años,2021,2021,Universidades,Universidades CRUCH,Universidades Privadas CRUCH,87,UNIVERSIDAD DE CONCEPCION,PEDAGOGIA EN MATEMATICAS,Biobío,CONCEPCION,CONCEPCION,Pregrado,Profesional Con Licenciatura,1- Ingreso Directo (regular),Biobío,LICEO RIOS DE CHILE,8.0,1.0,-36.708839,-72.974792,,,,,,,17782.0,198.0,158.0,5.0,6.0,29.0,13.2505053111,20.03805,
5130476,4630.0,8,Biobío,663,676,588,15 a 19 años,2021,2021,Universidades,Universidades CRUCH,Universidades Privadas CRUCH,87,UNIVERSIDAD DE CONCEPCION,PEDAGOGIA EN INGLES,Biobío,CONCEPCION,CONCEPCION,Pregrado,Profesional Con Licenciatura,1- Ingreso Directo (regular),Biobío,COLEGIO DEL SAGRADO CORAZON,8.0,2.0,-36.826019,-73.055687,,,,,,,4630.0,618.0,494.0,31.0,36.0,57.0,12.4802282052045,20.03805,
18638423,4822.0,8,Biobío,641,663,623,15 a 19 años,2021,2021,Universidades,Universidades CRUCH,Universidades Privadas CRUCH,93,UNIVERSIDAD CATOLICA DE LA SANTISIMA CONCEPCION,LICENCIATURA EN DERECHO,Biobío,CONCEPCION,CONCEPCION,Pregrado,Profesional Con Licenciatura,1- Ingreso Directo (regular),Biobío,COLEGIO EL REFUGIO,8.0,2.0,-36.74073,-72.997993,,,,,,,4822.0,171.0,156.0,4.0,3.0,8.0,11.4725022207092,20.03805,
15968090,4805.0,8,Biobío,760,850,"457,5",15 a 19 años,2021,2021,Universidades,Universidades CRUCH,Universidades Privadas CRUCH,87,UNIVERSIDAD DE CONCEPCION,EDUCACION PARVULARIA,Biobío,CONCEPCION,CONCEPCION,Pregrado,Profesional Con Licenciatura,1- Ingreso Directo (regular),Biobío,LICEO PENCOPOLITANO,8.0,1.0,-36.738831,-73.00135,,,,,,,4805.0,586.0,508.0,22.0,22.0,34.0,13.1432142287508,20.03805,
16935391,4659.0,8,Biobío,495,495,458,15 a 19 años,2021,2021,Universidades,Universidades Privadas,Universidades Privadas,39,UNIVERSIDAD SAN SEBASTIAN,FONOAUDIOLOGIA,Biobío,CONCEPCION,CONCEPCION,Pregrado,Profesional Con Licenciatura,1- Ingreso Directo (regular),Biobío,COLEGIO LA PROVIDENCIA,8.0,2.0,-36.822498,-73.03978,,,,,,,4659.0,284.0,253.0,16.0,4.0,11.0,11.4019363802284,20.03805,
23979410,4822.0,8,Biobío,684,736,"593,5",15 a 19 años,2021,2021,Universidades,Universidades CRUCH,Universidades Estatales CRUCH,75,UNIVERSIDAD DEL BIO-BIO,INGENIERIA CIVIL QUIMICA,Biobío,CONCEPCION,CONCEPCION,Pregrado,Profesional Con Licenciatura,1- Ingreso Directo (regular),Biobío,COLEGIO EL REFUGIO,8.0,2.0,-36.74073,-72.997993,,,,,,,4822.0,171.0,156.0,4.0,3.0,8.0,11.4725022207092,20.03805,
12230753,4574.0,8,Biobío,577,594,"570,5",15 a 19 años,2021,2021,Universidades,Universidades CRUCH,Universidades Privadas CRUCH,87,UNIVERSIDAD DE CONCEPCION,PEDAGOGIA EN ESPAÑOL,Biobío,CONCEPCION,CONCEPCION,Pregrado,Profesional Con Licenciatura,1- Ingreso Directo (regular),Biobío,COLEGIO BICENTENARIO ESPAÑA,8.0,5.0,-36.824348,-73.036507,,,,,,,4574.0,366.0,221.0,25.0,25.0,95.0,17.8380074082103,20.03805,
10094068,17750.0,8,Biobío,663,671,"603,5",15 a 19 años,2021,2021,Universidades,Universidades CRUCH,Universidades Estatales CRUCH,75,UNIVERSIDAD DEL BIO-BIO,INGENIERIA CIVIL EN AUTOMATIZACION,Biobío,CONCEPCION,CONCEPCION,Pregrado,Profesional Con Licenciatura,1- Ingreso Directo (regular),Biobío,COLEGIO SALESIANO DE CONCEPCION,8.0,2.0,-36.81905,-73.034409,,,,,,,17750.0,947.0,677.0,57.0,52.0,161.0,14.5621448016349,20.03805,
18104531,17900.0,8,Biobío,663,664,610,15 a 19 años,2021,2021,Universidades,Universidades CRUCH,Universidades Privadas CRUCH,87,UNIVERSIDAD DE CONCEPCION,INGENIERIA CIVIL METALURGICA,Biobío,CONCEPCION,CONCEPCION,Pregrado,Profesional Con Licenciatura,1- Ingreso Directo (regular),Biobío,COLEGIO METODISTA CONCEPCION,8.0,2.0,-36.823059,-73.050194,,,,,,,17900.0,141.0,128.0,2.0,5.0,6.0,8.74233130963992,20.03805,
11162666,17915.0,8,Biobío,592,592,525,15 a 19 años,2021,2021,Universidades,Universidades Privadas,Universidades Privadas,39,UNIVERSIDAD SAN SEBASTIAN,INGENIERIA CIVIL INDUSTRIAL,Biobío,CONCEPCION,CONCEPCION,Pregrado,Profesional Con Licenciatura,1- Ingreso Directo (regular),Biobío,COLEGIO POLIVALENTE DOMINGO PARRA CORVALAN,8.0,2.0,-36.987011,-73.152603,,,,,,,17915.0,216.0,149.0,25.0,19.0,23.0,15.2880483982581,20.03805,
18537141,25202.0,13,Metropolitana,646,648,"706,5",15 a 19 años,2021,2021,Universidades,Universidades CRUCH,Universidades Privadas CRUCH,87,UNIVERSIDAD DE CONCEPCION,DERECHO,Biobío,CONCEPCION,CONCEPCION,Pregrado,Profesional Con Licenciatura,1- Ingreso Directo (regular),Biobío,COLEGIO  PUMAHUE HUECHURABA,13.0,3.0,-33.357367,-70.66317,,,,,,,,,,,,,19.03805,,
15866952,4824.0,8,Biobío,743,823,454,15 a 19 años,2021,2021,Universidades,Universidades Privadas,Universidades Privadas,39,UNIVERSIDAD SAN SEBASTIAN,TECNOLOGIA MEDICA,Biobío,CONCEPCION,CONCEPCION,Pregrado,Profesional Con Licenciatura,1- Ingreso Directo (regular),Biobío,LICEO BICENTENARIO DE EXCELENCIA INDUSTRIAL DE TOME,8.0,4.0,-36.610809,-72.955467,,,,,,,4824.0,442.0,231.0,33.0,31.0,147.0,18.3794874926409,20.03805,
5187132,17843.0,8,Biobío,663,688,599,15 a 19 años,2021,2021,Universidades,Universidades CRUCH,Universidades Privadas CRUCH,87,UNIVERSIDAD DE CONCEPCION,INGENIERIA AMBIENTAL,Biobío,CONCEPCION,CONCEPCION,Pregrado,Profesional Con Licenciatura,1- Ingreso Directo (regular),Biobío,COLEGIO AURORA DE CHILE CHIGUAYANTE,8.0,2.0,-36.92593,-73.025383,,,,,,,17843.0,632.0,443.0,42.0,27.0,120.0,14.5060678222416,20.03805,
11696652,4680.0,8,Biobío,506,506,468,15 a 19 años,2021,2021,Universidades,Universidades Privadas,Universidades Privadas,20,UNIVERSIDAD ANDRES BELLO,DERECHO,Biobío,CONCEPCION,CONCEPCION,Pregrado,Profesional Con Licenciatura,1- Ingreso Directo (regular),Biobío,COLEGIO BAUTISTA DE CONCEPCION,8.0,3.0,-36.823565,-73.05983,,,,,,,,,,,,,19.03805,,
1448347,4824.0,8,Biobío,775,850,614,15 a 19 años,2021,2021,Universidades,Universidades CRUCH,Universidades Estatales CRUCH,75,UNIVERSIDAD DEL BIO-BIO,INGENIERIA DE EJECUCION EN ELECTRONICA,Biobío,CONCEPCION,CONCEPCION,Pregrado,Profesional Sin Licenciatura,1- Ingreso Directo (regular),Biobío,LICEO BICENTENARIO DE EXCELENCIA INDUSTRIAL DE TOME,8.0,4.0,-36.610809,-72.955467,,,,,,,4824.0,442.0,231.0,33.0,31.0,147.0,18.3794874926409,20.03805,
1204599,2109.0,6,Lib. Gral B. O'Higgins,587,602,"595,5",15 a 19 años,2021,2021,Universidades,Universidades CRUCH,Universidades Estatales CRUCH,895,UNIVERSIDAD DE O'HIGGINS,ENFERMERIA,Lib. Gral B. O'Higgins,CACHAPOAL,RANCAGUA,Pregrado,Profesional Con Licenciatura,1- Ingreso Directo (regular),Lib. Gral B. O'Higgins,LICEO DE NIÑAS DE RANCAGUA,6.0,1.0,-34.170441,-70.741074,UNIVERSIDAD DE O'HIGGINS,Lib. Gral B. O'Higgins,RANCAGUA,-34.164317,-70.741429,Universidades estatales cruch,2109.0,499.0,400.0,20.0,19.0,60.0,13.9497907613561,20.03805,0.681740544546487
17137074,3479.0,7,Maule,490,490,"502,5",15 a 19 años,2021,2021,Universidades,Universidades Privadas,Universidades Privadas,31,UNIVERSIDAD AUTONOMA DE CHILE,PSICOLOGIA,Maule,TALCA,TALCA,Pregrado,Profesional Con Licenciatura,1- Ingreso Directo (regular),Maule,LICEO MANUEL MONTT,7.0,1.0,-35.597359,-71.723297,,,,-35.40421,-71.635118,,3479.0,1350.0,907.0,155.0,100.0,188.0,16.1875316968264,20.03805,22.9126109345446
7158699,13565.0,4,Coquimbo,609,618,"488,5",15 a 19 años,2021,2021,Universidades,Universidades CRUCH,Universidades Estatales CRUCH,74,UNIVERSIDAD DE LA SERENA,INGENIERIA EN COMPUTACION,Coquimbo,ELQUI,LA SERENA,Pregrado,Profesional Con Licenciatura,1- Ingreso Directo (regular),Coquimbo,COLEGIO MANANTIALES DE ELQUI,4.0,2.0,-29.88298,-71.250931,UNIVERSIDAD DE LA SERENA,Coquimbo,LA SERENA,-29.879084,-71.251949,Universidades estatales cruch,13565.0,159.0,122.0,17.0,12.0,8.0,13.899671729433,20.03805,0.4441944400731001
16559966,367.0,2,Antofagasta,760,798,"502,5",15 a 19 años,2021,2021,Universidades,Universidades CRUCH,Universidades Privadas CRUCH,91,UNIVERSIDAD CATOLICA DEL NORTE,INGENIERIA CIVIL,Antofagasta,ANTOFAGASTA,ANTOFAGASTA,Pregrado,Profesional Con Licenciatura,1- Ingreso Directo (regular),Antofagasta,COMPLEJO EDUCATIVO JUAN JOSE LATORRE BENAVENT,2.0,1.0,-23.10523,-70.440666,,,,-23.560032,-70.40047,,367.0,779.0,347.0,43.0,37.0,352.0,23.3511984358995,20.03805,50.73793046077555
23506800,8394.0,11,Aysén,555,561,"526,5",15 a 19 años,2021,2021,Universidades,Universidades CRUCH,Universidades Estatales CRUCH,84,UNIVERSIDAD DE LOS LAGOS,ENFERMERIA,Los Lagos,LLANQUIHUE,PUERTO MONTT,Pregrado,Profesional Con Licenciatura,1- Ingreso Directo (regular),Los Lagos,LICEO BICENTENARIO LUISA RABANAL PALMA,11.0,1.0,-46.540421,-71.72155,UNIVERSIDAD DE LOS LAGOS,Los Lagos,PUERTO MONTT,-41.46105,-72.930594,Universidades estatales cruch,8394.0,221.0,130.0,16.0,16.0,59.0,17.8812455071166,20.03805,572.9991920737413
12190596,14716.0,5,Valparaíso,727,827,"653,5",15 a 19 años,2021,2021,Universidades,Universidades CRUCH,Universidades Privadas CRUCH,89,PONTIFICIA UNIVERSIDAD CATOLICA DE VALPARAISO,LICENCIATURA EN FISICA,Valparaíso,VALPARAISO,VALPARAISO,Pregrado,Licenciatura No Conducente a Título,1- Ingreso Directo (regular),Valparaíso,PAN AMERICAN COLLEGE VINA DEL MAR,5.0,2.0,-33.029819,-71.5336,,,,,,,14716.0,186.0,121.0,8.0,16.0,41.0,15.757657035300998,20.03805,
109157,8394.0,11,Aysén,479,479,432,15 a 19 años,2021,2021,Universidades,Universidades CRUCH,Universidades Estatales CRUCH,77,UNIVERSIDAD DE MAGALLANES,TECNICO EN NIVEL SUPERIOR EN EDUCACION PARVULARIA,Aysén,COYHAIQUE,COYHAIQUE,Pregrado,Técnico de Nivel Superior,1- Ingreso Directo (regular),Aysén,LICEO BICENTENARIO LUISA RABANAL PALMA,11.0,1.0,-46.540421,-71.72155,UNIVERSIDAD DE MAGALLANES,Aysén,COYHAIQUE,-45.568566,-72.071274,Universidades estatales cruch,8394.0,221.0,130.0,16.0,16.0,59.0,17.8812455071166,20.03805,111.38374416832792
11656515,8394.0,11,Aysén,727,795,0,15 a 19 años,2021,2021,Universidades,Universidades Privadas,Universidades Privadas,45,UNIVERSIDAD DEL DESARROLLO,ENFERMERIA,Metropolitana,SANTIAGO,LAS CONDES,Pregrado,Profesional Con Licenciatura,1- Ingreso Directo (regular),Metropolitana,LICEO BICENTENARIO LUISA RABANAL PALMA,11.0,1.0,-46.540421,-71.72155,UNIVERSIDAD DEL DESARROLLO,Metropolitana,LAS CONDES,-33.372476,-70.515748,Universidades privadas,8394.0,221.0,130.0,16.0,16.0,59.0,17.8812455071166,20.03805,1467.7618771118407
3476402,9246.0,13,Metropolitana,656,664,"535,5",15 a 19 años,2021,2021,Universidades,Universidades CRUCH,Universidades Privadas CRUCH,69,UNIVERSIDAD ALBERTO HURTADO,ARQUEOLOGIA,Metropolitana,SANTIAGO,SANTIAGO,Pregrado,Profesional Con Licenciatura,1- Ingreso Directo (regular),Metropolitana,COLEGIO SAN AGUSTIN,13.0,3.0,-33.459222,-70.57815,UNIVERSIDAD ALBERTO HURTADO,Metropolitana,SANTIAGO,-33.443917,-70.662204,Universidades privadas cruch,,,,,,,19.03805,,7.981710703014864
12151216,2635.0,6,Lib. Gral B. O'Higgins,706,731,"681,5",15 a 19 años,2021,2021,Universidades,Universidades CRUCH,Universidades Estatales CRUCH,70,UNIVERSIDAD DE CHILE,PROGRAMA ACADEMICO DE BACHILLERATO,Metropolitana,SANTIAGO,SANTIAGO,Pregrado,"Bachillerato, Ciclo Inicial o Plan Común",1- Ingreso Directo (regular),Metropolitana,LICEO AGUSTIN ROSS EDWARDS,6.0,1.0,-34.39011,-72.002296,UNIVERSIDAD DE CHILE,Metropolitana,SANTIAGO,-33.435867,-70.645832,Universidades estatales cruch,2635.0,602.0,248.0,44.0,51.0,259.0,19.4869998647957,20.03805,164.0913079456923
4674180,2656.0,6,Lib. Gral B. O'Higgins,710,733,0,15 a 19 años,2021,2021,Universidades,Universidades CRUCH,Universidades Estatales CRUCH,71,UNIVERSIDAD DE SANTIAGO DE CHILE,INGENIERIA COMERCIAL,Metropolitana,SANTIAGO,ESTACION CENTRAL,Pregrado,Profesional Con Licenciatura,1- Ingreso Directo (regular),Metropolitana,COLEGIO DE LA PRECIOSA SANGRE,6.0,2.0,-34.389999,-72.008904,,,,-33.444477,-70.68375,,2656.0,151.0,145.0,2.0,1.0,3.0,9.25522008472839,20.03805,161.2597964093737
3606901,2635.0,6,Lib. Gral B. O'Higgins,695,719,"561,5",15 a 19 años,2021,2021,Universidades,Universidades CRUCH,Universidades Estatales CRUCH,72,UNIVERSIDAD DE VALPARAISO,NUTRICION Y DIETETICA,Valparaíso,VALPARAISO,VALPARAISO,Pregrado,Profesional Con Licenciatura,1- Ingreso Directo (regular),Valparaíso,LICEO AGUSTIN ROSS EDWARDS,6.0,1.0,-34.39011,-72.002296,,,,,,,2635.0,602.0,248.0,44.0,51.0,259.0,19.4869998647957,20.03805,
20148507,6752.0,14,Los Ríos,539,549,"419,5",15 a 19 años,2021,2021,Universidades,Universidades Privadas,Universidades Privadas,13,UNIVERSIDAD SANTO TOMAS,DERECHO,Los Ríos,VALDIVIA,VALDIVIA,Pregrado,Profesional Con Licenciatura,1- Ingreso Directo (regular),Los Ríos,LICEO TECNICO VALDIVIA,14.0,1.0,-39.82925,-73.221237,,,,-39.792732,-73.392719,,6752.0,771.0,390.0,84.0,84.0,213.0,19.9877554042731,20.03805,15.19967000707478
19614085,7015.0,14,Los Ríos,738,767,"542,5",15 a 19 años,2021,2021,Universidades,Universidades CRUCH,Universidades Privadas CRUCH,90,UNIVERSIDAD AUSTRAL DE CHILE,TERAPIA OCUPACIONAL,Los Ríos,VALDIVIA,VALDIVIA,Pregrado,Profesional Con Licenciatura,1- Ingreso Directo (regular),Los Ríos,LICEO BICENTENARIO DE EXCELENCIA CARLOS HAVERBECK RICHTER,14.0,1.0,-39.889389,-73.432877,UNIVERSIDAD AUSTRAL DE CHILE,Los Ríos,VALDIVIA,-39.792732,-73.392719,Universidades privadas cruch,7015.0,230.0,166.0,22.0,12.0,30.0,15.4246968724361,20.03805,11.2813974472627
