mrun,rango_edad,anio_ing_carr_ori,anio_ing_carr_act,tipo_inst_1,tipo_inst_2,tipo_inst_3,cod_inst,nomb_inst,nomb_carrera,region_sede,provincia_sede,comuna_sede,nivel_global,nivel_carrera_1,forma_ingreso,NOMBRE_REGION_INGRESO
98.0,15 a 19 años,2021,2021,Institutos Profesionales,Institutos Profesionales,Institutos Profesionales,111,IP DUOC UC,GASTRONOMIA,Metropolitana,SANTIAGO,SANTIAGO,Pregrado,Técnico de Nivel Superior,1- Ingreso Directo (regular),Metropolitana
99.0,15 a 19 años,2021,2021,Institutos Profesionales,Institutos Profesionales,Institutos Profesionales,111,IP DUOC UC,TECNICO EN GEOLOGIA Y CONTROL EN SONDAJE,Metropolitana,CORDILLERA,PUENTE ALTO,Pregrado,Técnico de Nivel Superior,1- Ingreso Directo (regular),Metropolitana
137.0,20 a 24 años,2021,2021,Centros de Formación Técnica,Centros de Formación Técnica,Centros de Formación Técnica,430,CFT INACAP,TECNICO EN MECANICA Y ELECTROMOVILIDAD AUTOMOTRIZ,Metropolitana,SANTIAGO,RENCA,Pregrado,Técnico de Nivel Superior,1- Ingreso Directo (regular),Metropolitana
140.0,20 a 24 años,2021,2021,Institutos Profesionales,Institutos Profesionales,Institutos Profesionales,111,IP DUOC UC,INGENIERIA EN ELECTRICIDAD Y AUTOMATIZACION INDUSTRIAL,Metropolitana,CORDILLERA,PUENTE ALTO,Pregrado,Profesional Sin Licenciatura,1- Ingreso Directo (regular),Metropolitana
341.0,30 a 34 años,2021,2021,Universidades,Universidades Privadas,Universidades Privadas,13,UNIVERSIDAD SANTO TOMAS,PROGRAMA DE LICENCIATURA DE TRABAJO SOCIAL,La Araucanía,CAUTIN,TEMUCO,Pregrado,Licenciatura No Conducente a Título,1- Ingreso Directo (regular),La Araucanía
392.0,20 a 24 años,2021,2021,Universidades,Universidades CRUCH,Universidades Privadas CRUCH,90,UNIVERSIDAD AUSTRAL DE CHILE,INGENIERIA CIVIL ACUSTICA,Los Ríos,VALDIVIA,VALDIVIA,Pregrado,Profesional Con Licenciatura,1- Ingreso Directo (regular),Los Ríos
427.0,20 a 24 años,2021,2021,Centros de Formación Técnica,Centros de Formación Técnica,Centros de Formación Técnica,430,CFT INACAP,"TELECOMUNICACIONES, CONECTIVIDAD Y REDES",Ñuble,DIGUILLIN,CHILLAN,Pregrado,Técnico de Nivel Superior,1- Ingreso Directo (regular),Ñuble
428.0,20 a 24 años,2021,2021,Universidades,Universidades CRUCH,Universidades Estatales CRUCH,75,UNIVERSIDAD DEL BIO-BIO,FONOAUDIOLOGIA,Ñuble,DIGUILLIN,CHILLAN,Pregrado,Profesional Con Licenciatura,1- Ingreso Directo (regular),Ñuble
452.0,20 a 24 años,2021,2021,Institutos Profesionales,Institutos Profesionales,Institutos Profesionales,143,IP AIEP,DISEÑO DE VESTUARIO PROFESIONAL MENCION ALTA COSTURA,Metropolitana,SANTIAGO,SANTIAGO,Pregrado,Profesional Sin Licenciatura,1- Ingreso Directo (regular),Metropolitana
637.0,15 a 19 años,2021,2021,Institutos Profesionales,Institutos Profesionales,Institutos Profesionales,103,IP INSTITUTO DE ESTUDIOS BANCARIOS GUILLERMO SUBERCASEAUX,CONTADOR AUDITOR CON MENCION BANCA E INSTITUCIONES FINANCIERAS,Valparaíso,VALPARAISO,VIÑA DEL MAR,Pregrado,Profesional Sin Licenciatura,1- Ingreso Directo (regular),Valparaíso
814.0,20 a 24 años,2021,2021,Institutos Profesionales,Institutos Profesionales,Institutos Profesionales,111,IP DUOC UC,INGENIERIA EN ADMINISTRACION MENCION GESTION DE PERSONAS,Metropolitana,SANTIAGO,SANTIAGO,Pregrado,Profesional Sin Licenciatura,1- Ingreso Directo (regular),Metropolitana
983.0,15 a 19 años,2021,2021,Centros de Formación Técnica,Centros de Formación Técnica,Centros de Formación Técnica,260,CFT SANTO TOMAS,TECNICO EN ENFERMERIA,Lib. Gral B. O'Higgins,CACHAPOAL,RANCAGUA,Pregrado,Técnico de Nivel Superior,1- Ingreso Directo (regular),Lib. Gral B. O'Higgins
984.0,15 a 19 años,2021,2021,Universidades,Universidades CRUCH,Universidades Estatales CRUCH,76,UNIVERSIDAD DE LA FRONTERA,ENFERMERIA,La Araucanía,CAUTIN,TEMUCO,Pregrado,Profesional Con Licenciatura,1- Ingreso Directo (regular),La Araucanía
1317.0,25 a 29 años,2021,2021,Centros de Formación Técnica,Centros de Formación Técnica,Centros de Formación Técnica,260,CFT SANTO TOMAS,TECNICO EN COMERCIO EXTERIOR,Metropolitana,SANTIAGO,SANTIAGO,Pregrado,Técnico de Nivel Superior,1- Ingreso Directo (regular),Metropolitana
1497.0,25 a 29 años,2021,2021,Centros de Formación Técnica,Centros de Formación Técnica,Centros de Formación Técnica,218,CFT DE ENAC,TECNICO EN TRABAJO SOCIAL,Metropolitana,SANTIAGO,SANTIAGO,Pregrado,Técnico de Nivel Superior,1- Ingreso Directo (regular),Metropolitana
1617.0,20 a 24 años,2021,2021,Universidades,Universidades Privadas,Universidades Privadas,45,UNIVERSIDAD DEL DESARROLLO,DERECHO,Biobío,CONCEPCION,CONCEPCION,Pregrado,Profesional Con Licenciatura,1- Ingreso Directo (regular),Biobío
1664.0,15 a 19 años,2021,2021,Institutos Profesionales,Institutos Profesionales,Institutos Profesionales,100,IP INACAP,INGENIERIA EN ADMINISTRACION DE EMPRESAS,Antofagasta,EL LOA,CALAMA,Pregrado,Profesional Sin Licenciatura,1- Ingreso Directo (regular),Antofagasta
1703.0,15 a 19 años,2021,2021,Universidades,Universidades CRUCH,Universidades Estatales CRUCH,72,UNIVERSIDAD DE VALPARAISO,ARQUITECTURA,Valparaíso,VALPARAISO,VALPARAISO,Pregrado,Profesional Con Licenciatura,1- Ingreso Directo (regular),Valparaíso
1744.0,15 a 19 años,2021,2021,Centros de Formación Técnica,Centros de Formación Técnica,Centros de Formación Técnica,260,CFT SANTO TOMAS,TECNICO EN ENFERMERIA,Antofagasta,ANTOFAGASTA,ANTOFAGASTA,Pregrado,Técnico de Nivel Superior,1- Ingreso Directo (regular),Antofagasta
1745.0,15 a 19 años,2021,2021,Universidades,Universidades CRUCH,Universidades Estatales CRUCH,83,UNIVERSIDAD DE PLAYA ANCHA DE CIENCIAS DE LA EDUCACION,DERECHO LICENCIATURA EN CIENCIAS JURIDICAS Y SOCIALES BACHILLERATO EN CIENCIAS SOCIALES,Valparaíso,VALPARAISO,VALPARAISO,Pregrado,Profesional Con Licenciatura,1- Ingreso Directo (regular),Valparaíso
1788.0,25 a 29 años,2021,2021,Universidades,Universidades CRUCH,Universidades Estatales CRUCH,82,UNIVERSIDAD METROPOLITANA DE CIENCIAS DE LA EDUCACION,LICENCIATURA EN EDUCACION CON MENCION EN INGLES Y PEDAGOGIA EN INGLES,Metropolitana,SANTIAGO,ÑUÑOA,Pregrado,Profesional Con Licenciatura,1- Ingreso Directo (regular),Metropolitana
2102.0,20 a 24 años,2021,2021,Universidades,Universidades Privadas,Universidades Privadas,31,UNIVERSIDAD AUTONOMA DE CHILE,MEDICINA,Maule,TALCA,TALCA,Pregrado,Profesional Con Licenciatura,1- Ingreso Directo (regular),Maule
2175.0,30 a 34 años,2021,2021,Institutos Profesionales,Institutos Profesionales,Institutos Profesionales,152,IP LATINOAMERICANO DE COMERCIO EXTERIOR - IPLACEX,INGENIERIA EN COMERCIO EXTERIOR,Metropolitana,SANTIAGO,SANTIAGO,Pregrado,Profesional Sin Licenciatura,1- Ingreso Directo (regular),Metropolitana
2280.0,40 y más años,2021,2021,Institutos Profesionales,Institutos Profesionales,Institutos Profesionales,176,IP DEL VALLE CENTRAL,INGENIERIA DE EJECUCION EN GESTION DE SEGURIDAD PRIVADA,Biobío,CONCEPCION,CONCEPCION,Pregrado,Profesional Sin Licenciatura,1- Ingreso Directo (regular),Biobío
2281.0,20 a 24 años,2021,2021,Institutos Profesionales,Institutos Profesionales,Institutos Profesionales,111,IP DUOC UC,TECNICO EN FINANZAS,Metropolitana,SANTIAGO,MAIPU,Pregrado,Técnico de Nivel Superior,1- Ingreso Directo (regular),Metropolitana
2382.0,20 a 24 años,2021,2021,Institutos Profesionales,Institutos Profesionales,Institutos Profesionales,143,IP AIEP,TECNICO EN DISEÑO GRAFICO,Metropolitana,SANTIAGO,SANTIAGO,Pregrado,Técnico de Nivel Superior,1- Ingreso Directo (regular),Metropolitana
2430.0,15 a 19 años,2021,2021,Universidades,Universidades CRUCH,Universidades Estatales CRUCH,71,UNIVERSIDAD DE SANTIAGO DE CHILE,PERIODISMO / LICENCIATURA EN COMUNICACION SOCIAL,Metropolitana,SANTIAGO,ESTACION CENTRAL,Pregrado,Profesional Con Licenciatura,1- Ingreso Directo (regular),Metropolitana
2896.0,35 a 39 años,2021,2021,Institutos Profesionales,Institutos Profesionales,Institutos Profesionales,117,IP IACC,TECNICO DE NIVEL SUPERIOR EN TRABAJO SOCIAL,Metropolitana,SANTIAGO,PROVIDENCIA,Pregrado,Técnico de Nivel Superior,1- Ingreso Directo (regular),Metropolitana
3020.0,25 a 29 años,2021,2021,Universidades,Universidades Privadas,Universidades Privadas,16,UNIVERSIDAD LA REPUBLICA,ENFERMERIA,Biobío,BIOBIO,LOS ANGELES,Pregrado,Profesional Con Licenciatura,1- Ingreso Directo (regular),Biobío
3192.0,30 a 34 años,2021,2021,Institutos Profesionales,Institutos Profesionales,Institutos Profesionales,117,IP IACC,TRABAJO SOCIAL,Metropolitana,SANTIAGO,PROVIDENCIA,Pregrado,Profesional Sin Licenciatura,1- Ingreso Directo (regular),Metropolitana
3211.0,40 y más años,2021,2021,Centros de Formación Técnica,Centros de Formación Técnica,Centros de Formación Técnica,214,CFT INSTITUTO CENTRAL DE CAPACITACION EDUCACIONAL ICCE,PODOLOGIA CLINICA,Valparaíso,MARGA MARGA,QUILPUE,Pregrado,Técnico de Nivel Superior,1- Ingreso Directo (regular),Valparaíso
3293.0,20 a 24 años,2021,2021,Universidades,Universidades Privadas,Universidades Privadas,26,"UNIVERSIDAD DE ARTES, CIENCIAS Y COMUNICACION - UNIACC",MUSICA E INTERPRETACION,Metropolitana,SANTIAGO,PROVIDENCIA,Pregrado,Profesional Con Licenciatura,1- Ingreso Directo (regular),Metropolitana
3299.0,15 a 19 años,2021,2021,Institutos Profesionales,Institutos Profesionales,Institutos Profesionales,143,IP AIEP,COSMETOLOGIA,La Araucanía,CAUTIN,TEMUCO,Pregrado,Técnico de Nivel Superior,1- Ingreso Directo (regular),La Araucanía
3444.0,35 a 39 años,2021,2021,Institutos Profesionales,Institutos Profesionales,Institutos Profesionales,143,IP AIEP,CONTABILIDAD GENERAL,Metropolitana,SANTIAGO,CONCHALI,Pregrado,Técnico de Nivel Superior,1- Ingreso Directo (regular),Metropolitana
3630.0,15 a 19 años,2021,2021,Universidades,Universidades CRUCH,Universidades Privadas CRUCH,3,UNIVERSIDAD DIEGO PORTALES,PSICOLOGIA,Metropolitana,SANTIAGO,SANTIAGO,Pregrado,Profesional Con Licenciatura,1- Ingreso Directo (regular),Metropolitana
3672.0,20 a 24 años,2021,2021,Centros de Formación Técnica,Centros de Formación Técnica,Centros de Formación Técnica,456,CFT CEDUC - UCN,ENFERMERIA Y TELEMEDICINA,Biobío,ARAUCO,LEBU,Pregrado,Técnico de Nivel Superior,1- Ingreso Directo (regular),Biobío
3806.0,35 a 39 años,2021,2021,Institutos Profesionales,Institutos Profesionales,Institutos Profesionales,143,IP AIEP,AUDITORIA,Valparaíso,VALPARAISO,VIÑA DEL MAR,Pregrado,Profesional Sin Licenciatura,1- Ingreso Directo (regular),Valparaíso
3821.0,30 a 34 años,2021,2021,Universidades,Universidades Privadas,Universidades Privadas,46,UNIVERSIDAD DE ACONCAGUA,TECNICO NIVEL SUPERIOR EN ADMINISTRACION DE EMPRESAS,Valparaíso,LOS ANDES,LOS ANDES,Pregrado,Técnico de Nivel Superior,1- Ingreso Directo (regular),Valparaíso
3875.0,40 y más años,2021,2021,Universidades,Universidades Privadas,Universidades Privadas,46,UNIVERSIDAD DE ACONCAGUA,INGENIERIA EN CONSTRUCCION MENCION GESTION DE OBRAS PLAN DE CONTINUIDAD PARA CONSTRUCTORES CIVILES,Metropolitana,SANTIAGO,SANTIAGO,Pregrado,Profesional Con Licenciatura,1- Ingreso Directo (regular),Metropolitana
3923.0,35 a 39 años,2021,2021,Centros de Formación Técnica,Centros de Formación Técnica,Centros de Formación Técnica,430,CFT INACAP,ELECTRICIDAD INDUSTRIAL MENCION INSTALACIONES ELECTRICAS,Metropolitana,SANTIAGO,LA GRANJA,Pregrado,Técnico de Nivel Superior,1- Ingreso Directo (regular),Metropolitana
3948.0,40 y más años,2021,2021,Institutos Profesionales,Institutos Profesionales,Institutos Profesionales,155,IP LOS LEONES,LABORATORISTA DENTAL,Metropolitana,SANTIAGO,SANTIAGO,Pregrado,Técnico de Nivel Superior,1- Ingreso Directo (regular),Metropolitana
4180.0,15 a 19 años,2021,2021,Universidades,Universidades CRUCH,Universidades Privadas CRUCH,34,UNIVERSIDAD DE LOS ANDES,BACHILLERATO EN INGENIERIA CIVIL,Metropolitana,SANTIAGO,LAS CONDES,Pregrado,"Bachillerato, Ciclo Inicial o Plan Común",1- Ingreso Directo (regular),Metropolitana
4342.0,15 a 19 años,2021,2021,Universidades,Universidades CRUCH,Universidades Privadas CRUCH,87,UNIVERSIDAD DE CONCEPCION,INGENIERIA CIVIL ELECTRONICA,Biobío,CONCEPCION,CONCEPCION,Pregrado,Profesional Con Licenciatura,1- Ingreso Directo (regular),Biobío
4343.0,15 a 19 años,2021,2021,Universidades,Universidades CRUCH,Universidades Estatales CRUCH,71,UNIVERSIDAD DE SANTIAGO DE CHILE,INGENIERIA CIVIL EN OBRAS CIVILES,Metropolitana,SANTIAGO,ESTACION CENTRAL,Pregrado,Profesional Con Licenciatura,1- Ingreso Directo (regular),Metropolitana
4349.0,20 a 24 años,2021,2021,Institutos Profesionales,Institutos Profesionales,Institutos Profesionales,111,IP DUOC UC,TECNICO EN CONSTRUCCION,Valparaíso,VALPARAISO,VALPARAISO,Pregrado,Técnico de Nivel Superior,1- Ingreso Directo (regular),Valparaíso
4350.0,20 a 24 años,2021,2021,Universidades,Universidades CRUCH,Universidades Estatales CRUCH,72,UNIVERSIDAD DE VALPARAISO,FONOAUDIOLOGIA,Valparaíso,VALPARAISO,VALPARAISO,Pregrado,Profesional Con Licenciatura,1- Ingreso Directo (regular),Valparaíso
4472.0,15 a 19 años,2021,2021,Universidades,Universidades CRUCH,Universidades Privadas CRUCH,86,PONTIFICIA UNIVERSIDAD CATOLICA DE CHILE,AGRONOMIA E INGENIERIA FORESTAL,Metropolitana,SANTIAGO,MACUL,Pregrado,Profesional Con Licenciatura,1- Ingreso Directo (regular),Metropolitana
4642.0,20 a 24 años,2021,2021,Centros de Formación Técnica,Centros de Formación Técnica,Centros de Formación Técnica,430,CFT INACAP,TECNICO EN CONSTRUCCION,Metropolitana,SANTIAGO,RENCA,Pregrado,Técnico de Nivel Superior,1- Ingreso Directo (regular),Metropolitana
4840.0,20 a 24 años,2021,2021,Institutos Profesionales,Institutos Profesionales,Institutos Profesionales,111,IP DUOC UC,INGENIERIA EN MEDIO AMBIENTE,Valparaíso,VALPARAISO,VALPARAISO,Pregrado,Profesional Sin Licenciatura,1- Ingreso Directo (regular),Valparaíso
4877.0,15 a 19 años,2021,2021,Universidades,Universidades Privadas,Universidades Privadas,10,UNIVERSIDAD MAYOR,MEDICINA VETERINARIA,Metropolitana,SANTIAGO,HUECHURABA,Pregrado,Profesional Con Licenciatura,1- Ingreso Directo (regular),Metropolitana
4880.0,15 a 19 años,2021,2021,Universidades,Universidades CRUCH,Universidades Privadas CRUCH,86,PONTIFICIA UNIVERSIDAD CATOLICA DE CHILE,PERIODISMO - DIRECCION AUDIOVISUAL - PUBLICIDAD,Metropolitana,SANTIAGO,SANTIAGO,Pregrado,Profesional Con Licenciatura,1- Ingreso Directo (regular),Metropolitana
4957.0,30 a 34 años,2021,2021,Institutos Profesionales,Institutos Profesionales,Institutos Profesionales,117,IP IACC,INGENIERIA EN ADMINISTRACION DE EMPRESAS,Metropolitana,SANTIAGO,PROVIDENCIA,Pregrado,Profesional Sin Licenciatura,1- Ingreso Directo (regular),Metropolitana
4975.0,15 a 19 años,2021,2021,Universidades,Universidades Privadas,Universidades Privadas,31,UNIVERSIDAD AUTONOMA DE CHILE,PSICOLOGIA,Metropolitana,SANTIAGO,SAN MIGUEL,Pregrado,Profesional Con Licenciatura,1- Ingreso Directo (regular),Metropolitana
5179.0,15 a 19 años,2021,2021,Institutos Profesionales,Institutos Profesionales,Institutos Profesionales,143,IP AIEP,TECNICO EN ODONTOLOGIA,Lib. Gral B. O'Higgins,CACHAPOAL,RANCAGUA,Pregrado,Técnico de Nivel Superior,1- Ingreso Directo (regular),Lib. Gral B. O'Higgins
5196.0,40 y más años,2021,2021,Centros de Formación Técnica,Centros de Formación Técnica,Centros de Formación Técnica,312,CFT CENCO,INSPECTOR EDUCACIONAL,Metropolitana,SANTIAGO,SANTIAGO,Pregrado,Técnico de Nivel Superior,1- Ingreso Directo (regular),Metropolitana
5286.0,15 a 19 años,2021,2021,Universidades,Universidades CRUCH,Universidades Privadas CRUCH,93,UNIVERSIDAD CATOLICA DE LA SANTISIMA CONCEPCION,TECNICO UNIVERSITARIO EN EDUCACION DE PARVULOS,Biobío,CONCEPCION,TALCAHUANO,Pregrado,Técnico de Nivel Superior,1- Ingreso Directo (regular),Biobío
5299.0,15 a 19 años,2021,2021,Universidades,Universidades CRUCH,Universidades Estatales CRUCH,77,UNIVERSIDAD DE MAGALLANES,TECNICO UNIVERSITARIO EN TURISMO,Magallanes,ULTIMA ESPERANZA,NATALES,Pregrado,Técnico de Nivel Superior,1- Ingreso Directo (regular),Magallanes
5391.0,20 a 24 años,2021,2021,Centros de Formación Técnica,Centros de Formación Técnica,Centros de Formación Técnica,430,CFT INACAP,GASTRONOMIA INTERNACIONAL,Ñuble,DIGUILLIN,CHILLAN,Pregrado,Técnico de Nivel Superior,1- Ingreso Directo (regular),Ñuble
5594.0,20 a 24 años,2021,2021,Institutos Profesionales,Institutos Profesionales,Institutos Profesionales,155,IP LOS LEONES,NATUROPATIA Y TERAPIAS NATURALES,Metropolitana,SANTIAGO,SANTIAGO,Pregrado,Profesional Sin Licenciatura,1- Ingreso Directo (regular),Metropolitana
5617.0,40 y más años,2021,2021,Institutos Profesionales,Institutos Profesionales,Institutos Profesionales,111,IP DUOC UC,DIBUJO Y MODELAMIENTO ARQUITECTONICO Y ESTRUCTURAL,Valparaíso,VALPARAISO,VALPARAISO,Pregrado,Técnico de Nivel Superior,1- Ingreso Directo (regular),Valparaíso
5648.0,20 a 24 años,2021,2021,Centros de Formación Técnica,Centros de Formación Técnica,Centros de Formación Técnica,430,CFT INACAP,ELECTROMECANICA,Los Lagos,LLANQUIHUE,PUERTO MONTT,Pregrado,Técnico de Nivel Superior,1- Ingreso Directo (regular),Los Lagos
5802.0,35 a 39 años,2021,2021,Institutos Profesionales,Institutos Profesionales,Institutos Profesionales,143,IP AIEP,TECNICO EN ADMINISTRACION DE EMPRESAS,Metropolitana,MAIPO,SAN BERNARDO,Pregrado,Técnico de Nivel Superior,1- Ingreso Directo (regular),Metropolitana
5815.0,15 a 19 años,2021,2021,Universidades,Universidades CRUCH,Universidades Privadas CRUCH,94,UNIVERSIDAD CATOLICA DE TEMUCO,GEOLOGIA,La Araucanía,CAUTIN,TEMUCO,Pregrado,Profesional Con Licenciatura,1- Ingreso Directo (regular),La Araucanía
6018.0,15 a 19 años,2021,2021,Universidades,Universidades CRUCH,Universidades Privadas CRUCH,86,PONTIFICIA UNIVERSIDAD CATOLICA DE CHILE,INGENIERIA CIVIL,Metropolitana,SANTIAGO,MACUL,Pregrado,Profesional Con Licenciatura,1- Ingreso Directo (regular),Metropolitana
6160.0,20 a 24 años,2021,2021,Institutos Profesionales,Institutos Profesionales,Institutos Profesionales,116,IP SANTO TOMAS,TECNICO EN DISEÑO DIGITAL Y PUBLICITARIO,Metropolitana,SANTIAGO,SAN JOAQUIN,Pregrado,Técnico de Nivel Superior,1- Ingreso Directo (regular),Metropolitana
6207.0,15 a 19 años,2021,2021,Universidades,Universidades CRUCH,Universidades Privadas CRUCH,93,UNIVERSIDAD CATOLICA DE LA SANTISIMA CONCEPCION,TECNICO UNIVERSITARIO EN EDUCACION DE PARVULOS,Biobío,ARAUCO,CAÑETE,Pregrado,Técnico de Nivel Superior,1- Ingreso Directo (regular),Biobío
6370.0,25 a 29 años,2021,2021,Universidades,Universidades Privadas,Universidades Privadas,7,UNIVERSIDAD BOLIVARIANA,INGENIERIA EN ADMINISTRACION MENCION GESTION DE EMPRESAS - CONTINUIDAD,Metropolitana,SANTIAGO,SANTIAGO,Pregrado,Profesional Sin Licenciatura,1- Ingreso Directo (regular),Metropolitana
6471.0,20 a 24 años,2021,2021,Institutos Profesionales,Institutos Profesionales,Institutos Profesionales,100,IP INACAP,INGENIERIA EN MINAS,Metropolitana,SANTIAGO,RENCA,Pregrado,Profesional Sin Licenciatura,1- Ingreso Directo (regular),Metropolitana
6507.0,20 a 24 años,2021,2021,Centros de Formación Técnica,Centros de Formación Técnica,Centros de Formación Técnica,218,CFT DE ENAC,TECNICO EN COSMETOLOGIA Y ESTETICA INTEGRAL,Metropolitana,SANTIAGO,SANTIAGO,Pregrado,Técnico de Nivel Superior,1- Ingreso Directo (regular),Metropolitana
6510.0,15 a 19 años,2021,2021,Institutos Profesionales,Institutos Profesionales,Institutos Profesionales,143,IP AIEP,TRABAJO SOCIAL,Valparaíso,SAN ANTONIO,SAN ANTONIO,Pregrado,Profesional Sin Licenciatura,1- Ingreso Directo (regular),Valparaíso
6525.0,20 a 24 años,2021,2021,Institutos Profesionales,Institutos Profesionales,Institutos Profesionales,111,IP DUOC UC,INGENIERIA EN MECANICA AUTOMOTRIZ Y AUTOTRONICA,Metropolitana,SANTIAGO,MAIPU,Pregrado,Profesional Sin Licenciatura,1- Ingreso Directo (regular),Metropolitana
6700.0,20 a 24 años,2021,2021,Institutos Profesionales,Institutos Profesionales,Institutos Profesionales,117,IP IACC,TECNICO DE NIVEL SUPERIOR EN CIBERSEGURIDAD,Metropolitana,SANTIAGO,PROVIDENCIA,Pregrado,Técnico de Nivel Superior,1- Ingreso Directo (regular),Metropolitana
6992.0,15 a 19 años,2021,2021,Institutos Profesionales,Institutos Profesionales,Institutos Profesionales,111,IP DUOC UC,TECNICO TOPOGRAFO,Metropolitana,SANTIAGO,SANTIAGO,Pregrado,Técnico de Nivel Superior,1- Ingreso Directo (regular),Metropolitana
6994.0,35 a 39 años,2021,2021,Institutos Profesionales,Institutos Profesionales,Institutos Profesionales,117,IP IACC,TECNICO DE NIVEL SUPERIOR EN CONTROL INDUSTRIAL,Metropolitana,SANTIAGO,PROVIDENCIA,Pregrado,Técnico de Nivel Superior,1- Ingreso Directo (regular),Metropolitana
7099.0,25 a 29 años,2021,2021,Institutos Profesionales,Institutos Profesionales,Institutos Profesionales,152,IP LATINOAMERICANO DE COMERCIO EXTERIOR - IPLACEX,TRABAJO SOCIAL,Metropolitana,SANTIAGO,SANTIAGO,Pregrado,Profesional Sin Licenciatura,1- Ingreso Directo (regular),Metropolitana
7175.0,25 a 29 años,2021,2021,Centros de Formación Técnica,Centros de Formación Técnica,Centros de Formación Técnica,629,CFT PUCV,TECNICO EN MANTENCION INDUSTRIAL,Valparaíso,QUILLOTA,QUILLOTA,Pregrado,Técnico de Nivel Superior,1- Ingreso Directo (regular),Valparaíso
7182.0,35 a 39 años,2021,2021,Institutos Profesionales,Institutos Profesionales,Institutos Profesionales,143,IP AIEP,TECNICO EN AUTOMATIZACION Y CONTROL INDUSTRIAL,Metropolitana,SANTIAGO,CONCHALI,Pregrado,Técnico de Nivel Superior,1- Ingreso Directo (regular),Metropolitana
7313.0,15 a 19 años,2021,2021,Centros de Formación Técnica,Centros de Formación Técnica,Centros de Formación Técnica,218,CFT DE ENAC,TECNICO EN ODONTOLOGIA,Metropolitana,SANTIAGO,SANTIAGO,Pregrado,Técnico de Nivel Superior,1- Ingreso Directo (regular),Metropolitana
7399.0,15 a 19 años,2021,2021,Universidades,Universidades CRUCH,Universidades Privadas CRUCH,94,UNIVERSIDAD CATOLICA DE TEMUCO,TRABAJO SOCIAL,La Araucanía,CAUTIN,TEMUCO,Pregrado,Profesional Con Licenciatura,1- Ingreso Directo (regular),La Araucanía
7418.0,15 a 19 años,2021,2021,Institutos Profesionales,Institutos Profesionales,Institutos Profesionales,111,IP DUOC UC,INGENIERIA EN INFORMATICA,Valparaíso,VALPARAISO,VIÑA DEL MAR,Pregrado,Profesional Sin Licenciatura,1- Ingreso Directo (regular),Valparaíso
7645.0,15 a 19 años,2021,2021,Universidades,Universidades Privadas,Universidades Privadas,50,UNIVERSIDAD BERNARDO O'HIGGINS,MEDICINA VETERINARIA,Metropolitana,SANTIAGO,SANTIAGO,Pregrado,Profesional Con Licenciatura,1- Ingreso Directo (regular),Metropolitana
7806.0,15 a 19 años,2021,2021,Universidades,Universidades Privadas,Universidades Privadas,20,UNIVERSIDAD ANDRES BELLO,INGENIERIA COMERCIAL,Metropolitana,SANTIAGO,LAS CONDES,Pregrado,Profesional Con Licenciatura,1- Ingreso Directo (regular),Metropolitana
7807.0,15 a 19 años,2021,2021,Universidades,Universidades CRUCH,Universidades Privadas CRUCH,86,PONTIFICIA UNIVERSIDAD CATOLICA DE CHILE,PSICOLOGIA,Metropolitana,SANTIAGO,MACUL,Pregrado,Profesional Con Licenciatura,1- Ingreso Directo (regular),Metropolitana
7883.0,20 a 24 años,2021,2021,Centros de Formación Técnica,Centros de Formación Técnica,Centros de Formación Técnica,430,CFT INACAP,ADMINISTRACION DE EMPRESAS,Coquimbo,ELQUI,LA SERENA,Pregrado,Técnico de Nivel Superior,1- Ingreso Directo (regular),Coquimbo
7936.0,25 a 29 años,2021,2021,Universidades,Universidades CRUCH,Universidades Estatales CRUCH,84,UNIVERSIDAD DE LOS LAGOS,TECNICO UNIVERSITARIO EN GESTION Y DESARROLLO DE PRODUCTOS ALIMENTARIOS,Los Lagos,LLANQUIHUE,PUERTO MONTT,Pregrado,Técnico de Nivel Superior,1- Ingreso Directo (regular),Los Lagos
8126.0,15 a 19 años,2021,2021,Universidades,Universidades CRUCH,Universidades Privadas CRUCH,89,PONTIFICIA UNIVERSIDAD CATOLICA DE VALPARAISO,INGENIERIA CIVIL DE MINAS,Valparaíso,VALPARAISO,VALPARAISO,Pregrado,Profesional Con Licenciatura,1- Ingreso Directo (regular),Valparaíso
8205.0,15 a 19 años,2021,2021,Centros de Formación Técnica,Centros de Formación Técnica,Centros de Formación Técnica,430,CFT INACAP,TECNICO EN AUTOMATIZACION Y ROBOTICA,Maule,CURICO,CURICO,Pregrado,Técnico de Nivel Superior,1- Ingreso Directo (regular),Maule
8323.0,35 a 39 años,2021,2021,Institutos Profesionales,Institutos Profesionales,Institutos Profesionales,143,IP AIEP,CONTABILIDAD GENERAL,Maule,TALCA,TALCA,Pregrado,Técnico de Nivel Superior,1- Ingreso Directo (regular),Maule
8393.0,15 a 19 años,2021,2021,Institutos Profesionales,Institutos Profesionales,Institutos Profesionales,111,IP DUOC UC,TECNICO EN MECANICA AUTOMOTRIZ Y AUTOTRONICA,Metropolitana,MELIPILLA,MELIPILLA,Pregrado,Técnico de Nivel Superior,1- Ingreso Directo (regular),Metropolitana
8529.0,15 a 19 años,2021,2021,Universidades,Universidades CRUCH,Universidades Privadas CRUCH,87,UNIVERSIDAD DE CONCEPCION,ADMINISTRACION PUBLICA Y CIENCIA POLITICA,Biobío,CONCEPCION,CONCEPCION,Pregrado,Profesional Con Licenciatura,1- Ingreso Directo (regular),Biobío
8646.0,15 a 19 años,2021,2021,Institutos Profesionales,Institutos Profesionales,Institutos Profesionales,100,IP INACAP,INGENIERIA EN MECANICA Y ELECTROMOVILIDAD AUTOMOTRIZ,Tarapacá,IQUIQUE,IQUIQUE,Pregrado,Profesional Sin Licenciatura,1- Ingreso Directo (regular),Tarapacá
8728.0,20 a 24 años,2021,2021,Centros de Formación Técnica,Centros de Formación Técnica,Centros de Formación Técnica,450,CFT LOTA-ARAUCO,MECANICA INDUSTRIAL,Biobío,CONCEPCION,LOTA,Pregrado,Técnico de Nivel Superior,1- Ingreso Directo (regular),Biobío
8729.0,20 a 24 años,2021,2021,Institutos Profesionales,Institutos Profesionales,Institutos Profesionales,111,IP DUOC UC,TECNICO EN MARKETING,Metropolitana,CORDILLERA,PUENTE ALTO,Pregrado,Técnico de Nivel Superior,1- Ingreso Directo (regular),Metropolitana
8763.0,35 a 39 años,2021,2021,Institutos Profesionales,Institutos Profesionales,Institutos Profesionales,171,IP ESCUELA DE COMERCIO DE SANTIAGO,INGENIERIA EN LOGISTICA,Metropolitana,SANTIAGO,SANTIAGO,Pregrado,Profesional Sin Licenciatura,1- Ingreso Directo (regular),Metropolitana
9079.0,15 a 19 años,2021,2021,Universidades,Universidades CRUCH,Universidades Estatales CRUCH,76,UNIVERSIDAD DE LA FRONTERA,QUIMICA Y FARMACIA,La Araucanía,CAUTIN,TEMUCO,Pregrado,Profesional Con Licenciatura,1- Ingreso Directo (regular),La Araucanía
9231.0,30 a 34 años,2021,2021,Institutos Profesionales,Institutos Profesionales,Institutos Profesionales,143,IP AIEP,PREVENCION DE RIESGOS,Antofagasta,EL LOA,CALAMA,Pregrado,Técnico de Nivel Superior,1- Ingreso Directo (regular),Antofagasta
9262.0,30 a 34 años,2021,2021,Centros de Formación Técnica,Centros de Formación Técnica,Centros de Formación Técnica,367,CFT SAN AGUSTIN,TECNICO EN ENFERMERIA,Maule,TALCA,TALCA,Pregrado,Técnico de Nivel Superior,1- Ingreso Directo (regular),Maule
9411.0,15 a 19 años,2021,2021,Institutos Profesionales,Institutos Profesionales,Institutos Profesionales,143,IP AIEP,TECNICO DEPORTIVO,Biobío,CONCEPCION,CONCEPCION,Pregrado,Técnico de Nivel Superior,1- Ingreso Directo (regular),Biobío
9446.0,15 a 19 años,2021,2021,Centros de Formación Técnica,Centros de Formación Técnica,Centros de Formación Técnica,260,CFT SANTO TOMAS,TECNICO EN PRODUCCION ACUICOLA,Los Lagos,LLANQUIHUE,PUERTO MONTT,Pregrado,Técnico de Nivel Superior,1- Ingreso Directo (regular),Los Lagos
9464.0,30 a 34 años,2021,2021,Institutos Profesionales,Institutos Profesionales,Institutos Profesionales,143,IP AIEP,TECNICO EN AUTOMATIZACION Y CONTROL INDUSTRIAL,Metropolitana,SANTIAGO,CONCHALI,Pregrado,Técnico de Nivel Superior,1- Ingreso Directo (regular),Metropolitana
